<?xml version="1.0" encoding="UTF-8" standalone="no"?>
<project source="2.7.1" version="1.0">
This file is intended to be loaded by Logisim (http://www.cburch.com/logisim/).
<lib desc="#Wiring" name="0">
    <tool name="Splitter">
      <a name="fanout" val="13"/>
      <a name="incoming" val="13"/>
      <a name="appear" val="right"/>
    </tool>
  </lib>
  <lib desc="#Gates" name="1"/>
  <lib desc="#Plexers" name="2"/>
  <lib desc="#Arithmetic" name="3"/>
  <lib desc="#Memory" name="4">
    <tool name="ROM">
      <a name="contents">addr/data: 8 8
0
</a>
    </tool>
  </lib>
  <lib desc="#I/O" name="5"/>
  <lib desc="#Base" name="6">
    <tool name="Text Tool">
      <a name="text" val=""/>
      <a name="font" val="SansSerif plain 12"/>
      <a name="halign" val="center"/>
      <a name="valign" val="base"/>
    </tool>
  </lib>
  <main name="main"/>
  <options>
    <a name="gateUndefined" val="ignore"/>
    <a name="simlimit" val="1000"/>
    <a name="simrand" val="0"/>
  </options>
  <mappings>
    <tool lib="6" map="Button2" name="Menu Tool"/>
    <tool lib="6" map="Button3" name="Menu Tool"/>
    <tool lib="6" map="Ctrl Button1" name="Menu Tool"/>
  </mappings>
  <toolbar>
    <tool lib="6" name="Poke Tool"/>
    <tool lib="6" name="Edit Tool"/>
    <tool lib="6" name="Text Tool">
      <a name="text" val=""/>
      <a name="font" val="SansSerif plain 12"/>
      <a name="halign" val="center"/>
      <a name="valign" val="base"/>
    </tool>
    <sep/>
    <tool lib="0" name="Pin">
      <a name="tristate" val="false"/>
    </tool>
    <tool lib="0" name="Pin">
      <a name="facing" val="west"/>
      <a name="output" val="true"/>
      <a name="labelloc" val="east"/>
    </tool>
    <tool lib="1" name="NOT Gate"/>
    <tool lib="1" name="AND Gate"/>
    <tool lib="1" name="OR Gate"/>
  </toolbar>
  <circuit name="main">
    <a name="circuit" val="main"/>
    <a name="clabel" val=""/>
    <a name="clabelup" val="east"/>
    <a name="clabelfont" val="SansSerif plain 12"/>
    <wire from="(660,320)" to="(660,330)"/>
    <wire from="(270,420)" to="(270,490)"/>
    <wire from="(560,580)" to="(610,580)"/>
    <wire from="(590,410)" to="(640,410)"/>
    <wire from="(440,480)" to="(560,480)"/>
    <wire from="(440,540)" to="(610,540)"/>
    <wire from="(650,390)" to="(750,390)"/>
    <wire from="(590,410)" to="(590,440)"/>
    <wire from="(260,410)" to="(300,410)"/>
    <wire from="(650,350)" to="(650,390)"/>
    <wire from="(640,470)" to="(660,470)"/>
    <wire from="(390,430)" to="(390,590)"/>
    <wire from="(680,430)" to="(700,430)"/>
    <wire from="(610,430)" to="(640,430)"/>
    <wire from="(660,470)" to="(750,470)"/>
    <wire from="(270,420)" to="(410,420)"/>
    <wire from="(560,420)" to="(560,480)"/>
    <wire from="(330,410)" to="(410,410)"/>
    <wire from="(780,610)" to="(920,610)"/>
    <wire from="(560,420)" to="(640,420)"/>
    <wire from="(780,570)" to="(920,570)"/>
    <wire from="(270,490)" to="(270,550)"/>
    <wire from="(650,330)" to="(660,330)"/>
    <wire from="(630,330)" to="(640,330)"/>
    <wire from="(700,430)" to="(820,430)"/>
    <wire from="(600,590)" to="(600,600)"/>
    <wire from="(330,410)" to="(330,480)"/>
    <wire from="(630,320)" to="(630,330)"/>
    <wire from="(700,610)" to="(750,610)"/>
    <wire from="(700,570)" to="(750,570)"/>
    <wire from="(300,410)" to="(300,540)"/>
    <wire from="(700,430)" to="(700,570)"/>
    <wire from="(590,440)" to="(640,440)"/>
    <wire from="(640,470)" to="(640,600)"/>
    <wire from="(560,600)" to="(600,600)"/>
    <wire from="(470,670)" to="(770,670)"/>
    <wire from="(300,540)" to="(410,540)"/>
    <wire from="(480,650)" to="(770,650)"/>
    <wire from="(750,390)" to="(750,470)"/>
    <wire from="(660,450)" to="(660,470)"/>
    <wire from="(440,420)" to="(480,420)"/>
    <wire from="(480,420)" to="(480,650)"/>
    <wire from="(700,570)" to="(700,610)"/>
    <wire from="(440,430)" to="(470,430)"/>
    <wire from="(300,410)" to="(330,410)"/>
    <wire from="(610,430)" to="(610,540)"/>
    <wire from="(250,550)" to="(270,550)"/>
    <wire from="(390,430)" to="(410,430)"/>
    <wire from="(440,410)" to="(590,410)"/>
    <wire from="(270,490)" to="(410,490)"/>
    <wire from="(270,550)" to="(410,550)"/>
    <wire from="(390,590)" to="(530,590)"/>
    <wire from="(330,480)" to="(410,480)"/>
    <wire from="(470,430)" to="(470,670)"/>
    <wire from="(630,600)" to="(640,600)"/>
    <wire from="(600,590)" to="(610,590)"/>
    <comp lib="0" loc="(250,550)" name="Pin">
      <a name="width" val="28"/>
      <a name="tristate" val="false"/>
    </comp>
    <comp loc="(780,570)" name="zero flag"/>
    <comp loc="(440,480)" name="28 bit AND"/>
    <comp lib="2" loc="(680,430)" name="Multiplexer">
      <a name="select" val="2"/>
      <a name="width" val="28"/>
      <a name="enable" val="false"/>
    </comp>
    <comp lib="0" loc="(770,650)" name="Pin">
      <a name="facing" val="west"/>
      <a name="output" val="true"/>
      <a name="label" val="Carry"/>
      <a name="labelloc" val="east"/>
    </comp>
    <comp lib="6" loc="(492,198)" name="Text">
      <a name="text" val="01 -&gt;AND"/>
      <a name="font" val="SansSerif bold 14"/>
    </comp>
    <comp lib="0" loc="(630,600)" name="Splitter">
      <a name="facing" val="west"/>
      <a name="appear" val="right"/>
    </comp>
    <comp lib="0" loc="(630,320)" name="Pin">
      <a name="facing" val="south"/>
      <a name="tristate" val="false"/>
      <a name="label" val="C1"/>
    </comp>
    <comp loc="(440,540)" name="28 bit OR"/>
    <comp lib="0" loc="(650,350)" name="Splitter">
      <a name="facing" val="north"/>
      <a name="appear" val="center"/>
    </comp>
    <comp loc="(780,610)" name="negative"/>
    <comp lib="0" loc="(920,570)" name="Pin">
      <a name="facing" val="west"/>
      <a name="output" val="true"/>
      <a name="label" val="zero flag"/>
      <a name="labelloc" val="east"/>
    </comp>
    <comp lib="0" loc="(260,410)" name="Pin">
      <a name="width" val="28"/>
      <a name="tristate" val="false"/>
    </comp>
    <comp lib="1" loc="(530,590)" name="AND Gate">
      <a name="facing" val="west"/>
      <a name="size" val="30"/>
      <a name="inputs" val="2"/>
    </comp>
    <comp lib="6" loc="(494,243)" name="Text">
      <a name="text" val="11 -&gt;SUB"/>
      <a name="font" val="SansSerif bold 14"/>
    </comp>
    <comp lib="0" loc="(920,610)" name="Pin">
      <a name="facing" val="west"/>
      <a name="output" val="true"/>
      <a name="label" val="negative flag"/>
      <a name="labelloc" val="east"/>
    </comp>
    <comp loc="(440,410)" name="ADD_SUB"/>
    <comp lib="0" loc="(820,430)" name="Pin">
      <a name="facing" val="west"/>
      <a name="output" val="true"/>
      <a name="width" val="28"/>
      <a name="labelloc" val="east"/>
    </comp>
    <comp lib="6" loc="(558,148)" name="Text">
      <a name="text" val="Arithmatic Logic Unit  (28 bits)"/>
      <a name="font" val="SansSerif bold 22"/>
    </comp>
    <comp lib="0" loc="(770,670)" name="Pin">
      <a name="facing" val="west"/>
      <a name="output" val="true"/>
      <a name="label" val="overflow flag"/>
      <a name="labelloc" val="east"/>
    </comp>
    <comp lib="0" loc="(660,320)" name="Pin">
      <a name="facing" val="south"/>
      <a name="tristate" val="false"/>
      <a name="label" val="C0"/>
      <a name="labelloc" val="east"/>
    </comp>
    <comp lib="6" loc="(489,220)" name="Text">
      <a name="text" val="10 -&gt;OR"/>
      <a name="font" val="SansSerif bold 14"/>
    </comp>
    <comp lib="6" loc="(492,178)" name="Text">
      <a name="text" val="00 -&gt;ADD"/>
      <a name="font" val="SansSerif bold 14"/>
    </comp>
  </circuit>
  <circuit name="28 bit AND">
    <a name="circuit" val="28 bit AND"/>
    <a name="clabel" val=""/>
    <a name="clabelup" val="east"/>
    <a name="clabelfont" val="SansSerif plain 12"/>
    <wire from="(770,740)" to="(950,740)"/>
    <wire from="(2440,450)" to="(2440,1190)"/>
    <wire from="(1790,620)" to="(1790,710)"/>
    <wire from="(770,640)" to="(1400,640)"/>
    <wire from="(1460,790)" to="(2020,790)"/>
    <wire from="(2310,380)" to="(2310,740)"/>
    <wire from="(1280,680)" to="(1280,960)"/>
    <wire from="(720,130)" to="(1610,130)"/>
    <wire from="(2270,360)" to="(2270,600)"/>
    <wire from="(1120,340)" to="(1120,1750)"/>
    <wire from="(1230,270)" to="(1230,1300)"/>
    <wire from="(1520,600)" to="(1710,600)"/>
    <wire from="(950,740)" to="(950,1340)"/>
    <wire from="(1770,550)" to="(1770,690)"/>
    <wire from="(1420,710)" to="(1790,710)"/>
    <wire from="(1350,1050)" to="(2040,1050)"/>
    <wire from="(770,730)" to="(1010,730)"/>
    <wire from="(680,840)" to="(680,860)"/>
    <wire from="(1120,1750)" to="(1710,1750)"/>
    <wire from="(860,1590)" to="(1710,1590)"/>
    <wire from="(2290,370)" to="(2670,370)"/>
    <wire from="(1090,1870)" to="(1740,1870)"/>
    <wire from="(1610,360)" to="(2010,360)"/>
    <wire from="(670,370)" to="(700,370)"/>
    <wire from="(2050,180)" to="(2380,180)"/>
    <wire from="(770,780)" to="(860,780)"/>
    <wire from="(770,710)" to="(1180,710)"/>
    <wire from="(2500,480)" to="(2670,480)"/>
    <wire from="(1720,330)" to="(2000,330)"/>
    <wire from="(1320,1110)" to="(2050,1110)"/>
    <wire from="(2480,470)" to="(2480,1320)"/>
    <wire from="(1540,580)" to="(2020,580)"/>
    <wire from="(1240,1020)" to="(2030,1020)"/>
    <wire from="(1110,1810)" to="(1710,1810)"/>
    <wire from="(720,200)" to="(1440,200)"/>
    <wire from="(1190,1360)" to="(2040,1360)"/>
    <wire from="(1480,600)" to="(1480,640)"/>
    <wire from="(2060,450)" to="(2220,450)"/>
    <wire from="(1500,590)" to="(1500,620)"/>
    <wire from="(1490,180)" to="(1490,720)"/>
    <wire from="(2690,280)" to="(2720,280)"/>
    <wire from="(2640,550)" to="(2670,550)"/>
    <wire from="(820,1720)" to="(1710,1720)"/>
    <wire from="(1810,690)" to="(1810,770)"/>
    <wire from="(1300,250)" to="(1300,1170)"/>
    <wire from="(2390,410)" to="(2670,410)"/>
    <wire from="(1760,1570)" to="(2570,1570)"/>
    <wire from="(780,1850)" to="(1710,1850)"/>
    <wire from="(2200,330)" to="(2200,380)"/>
    <wire from="(1510,650)" to="(2020,650)"/>
    <wire from="(2240,350)" to="(2240,530)"/>
    <wire from="(2410,290)" to="(2670,290)"/>
    <wire from="(1670,130)" to="(1990,130)"/>
    <wire from="(1760,1630)" to="(2590,1630)"/>
    <wire from="(1010,1270)" to="(2050,1270)"/>
    <wire from="(720,120)" to="(1640,120)"/>
    <wire from="(2070,600)" to="(2270,600)"/>
    <wire from="(1190,280)" to="(1190,1360)"/>
    <wire from="(1680,200)" to="(1680,570)"/>
    <wire from="(1830,760)" to="(1830,810)"/>
    <wire from="(2550,500)" to="(2670,500)"/>
    <wire from="(890,760)" to="(890,1460)"/>
    <wire from="(1320,240)" to="(1320,1110)"/>
    <wire from="(1660,230)" to="(2000,230)"/>
    <wire from="(1510,170)" to="(1510,650)"/>
    <wire from="(1170,290)" to="(1170,1420)"/>
    <wire from="(2310,380)" to="(2670,380)"/>
    <wire from="(680,860)" to="(680,870)"/>
    <wire from="(1760,1770)" to="(2630,1770)"/>
    <wire from="(900,1400)" to="(2040,1400)"/>
    <wire from="(890,1460)" to="(1710,1460)"/>
    <wire from="(2570,510)" to="(2570,1570)"/>
    <wire from="(1520,580)" to="(1520,600)"/>
    <wire from="(1770,550)" to="(2010,550)"/>
    <wire from="(1340,830)" to="(2020,830)"/>
    <wire from="(770,680)" to="(1280,680)"/>
    <wire from="(2330,390)" to="(2670,390)"/>
    <wire from="(2530,490)" to="(2530,1440)"/>
    <wire from="(1450,620)" to="(1450,690)"/>
    <wire from="(2060,530)" to="(2240,530)"/>
    <wire from="(840,1650)" to="(1710,1650)"/>
    <wire from="(1240,690)" to="(1240,1020)"/>
    <wire from="(1140,320)" to="(1140,1610)"/>
    <wire from="(1660,110)" to="(1660,230)"/>
    <wire from="(720,240)" to="(1320,240)"/>
    <wire from="(1380,980)" to="(2030,980)"/>
    <wire from="(1310,890)" to="(2030,890)"/>
    <wire from="(1110,350)" to="(1110,1810)"/>
    <wire from="(1680,100)" to="(1680,160)"/>
    <wire from="(1470,610)" to="(1470,670)"/>
    <wire from="(1730,400)" to="(1730,640)"/>
    <wire from="(2360,400)" to="(2670,400)"/>
    <wire from="(1770,1500)" to="(2550,1500)"/>
    <wire from="(770,560)" to="(1670,560)"/>
    <wire from="(1640,120)" to="(1640,290)"/>
    <wire from="(1500,620)" to="(1720,620)"/>
    <wire from="(720,290)" to="(1170,290)"/>
    <wire from="(1370,650)" to="(1370,810)"/>
    <wire from="(2610,530)" to="(2610,1700)"/>
    <wire from="(2390,410)" to="(2390,940)"/>
    <wire from="(1170,1420)" to="(1710,1420)"/>
    <wire from="(770,600)" to="(1480,600)"/>
    <wire from="(1090,360)" to="(1090,1870)"/>
    <wire from="(2570,510)" to="(2670,510)"/>
    <wire from="(1640,290)" to="(2000,290)"/>
    <wire from="(720,300)" to="(1160,300)"/>
    <wire from="(2360,400)" to="(2360,880)"/>
    <wire from="(1280,960)" to="(2030,960)"/>
    <wire from="(2090,1380)" to="(2500,1380)"/>
    <wire from="(770,610)" to="(1470,610)"/>
    <wire from="(1310,670)" to="(1310,890)"/>
    <wire from="(720,100)" to="(1680,100)"/>
    <wire from="(2070,740)" to="(2310,740)"/>
    <wire from="(1570,510)" to="(2010,510)"/>
    <wire from="(720,140)" to="(1590,140)"/>
    <wire from="(1410,210)" to="(1410,920)"/>
    <wire from="(2110,1190)" to="(2440,1190)"/>
    <wire from="(720,320)" to="(1140,320)"/>
    <wire from="(2590,520)" to="(2670,520)"/>
    <wire from="(1680,160)" to="(2000,160)"/>
    <wire from="(720,310)" to="(1150,310)"/>
    <wire from="(1260,260)" to="(1260,1230)"/>
    <wire from="(2050,310)" to="(2300,310)"/>
    <wire from="(2400,420)" to="(2400,1000)"/>
    <wire from="(720,170)" to="(1510,170)"/>
    <wire from="(2420,440)" to="(2670,440)"/>
    <wire from="(1440,860)" to="(2030,860)"/>
    <wire from="(770,690)" to="(1240,690)"/>
    <wire from="(770,670)" to="(1310,670)"/>
    <wire from="(1180,710)" to="(1180,1150)"/>
    <wire from="(2060,380)" to="(2200,380)"/>
    <wire from="(720,330)" to="(1130,330)"/>
    <wire from="(1130,1680)" to="(1710,1680)"/>
    <wire from="(680,860)" to="(750,860)"/>
    <wire from="(720,350)" to="(1110,350)"/>
    <wire from="(1400,770)" to="(1810,770)"/>
    <wire from="(770,790)" to="(840,790)"/>
    <wire from="(720,340)" to="(1120,340)"/>
    <wire from="(650,850)" to="(650,860)"/>
    <wire from="(720,90)" to="(1990,90)"/>
    <wire from="(2320,310)" to="(2670,310)"/>
    <wire from="(720,230)" to="(1350,230)"/>
    <wire from="(1710,270)" to="(2000,270)"/>
    <wire from="(2330,390)" to="(2330,810)"/>
    <wire from="(1470,670)" to="(1760,670)"/>
    <wire from="(780,820)" to="(780,1850)"/>
    <wire from="(2200,330)" to="(2670,330)"/>
    <wire from="(1790,1890)" to="(2670,1890)"/>
    <wire from="(1160,300)" to="(1160,1480)"/>
    <wire from="(2290,370)" to="(2290,670)"/>
    <wire from="(2410,110)" to="(2410,290)"/>
    <wire from="(840,790)" to="(840,1650)"/>
    <wire from="(1010,730)" to="(1010,1270)"/>
    <wire from="(1200,700)" to="(1200,1090)"/>
    <wire from="(820,800)" to="(820,1720)"/>
    <wire from="(2400,420)" to="(2670,420)"/>
    <wire from="(2420,440)" to="(2420,1130)"/>
    <wire from="(1760,470)" to="(2010,470)"/>
    <wire from="(770,580)" to="(1520,580)"/>
    <wire from="(1350,230)" to="(1350,1050)"/>
    <wire from="(2500,480)" to="(2500,1380)"/>
    <wire from="(880,770)" to="(880,1520)"/>
    <wire from="(2720,280)" to="(2720,290)"/>
    <wire from="(2410,430)" to="(2410,1070)"/>
    <wire from="(1760,1440)" to="(2530,1440)"/>
    <wire from="(1030,720)" to="(1030,1210)"/>
    <wire from="(860,780)" to="(860,1590)"/>
    <wire from="(2080,940)" to="(2390,940)"/>
    <wire from="(1030,1210)" to="(2060,1210)"/>
    <wire from="(770,720)" to="(1030,720)"/>
    <wire from="(770,750)" to="(900,750)"/>
    <wire from="(2460,460)" to="(2460,1250)"/>
    <wire from="(1540,160)" to="(1540,580)"/>
    <wire from="(1670,130)" to="(1670,560)"/>
    <wire from="(2380,300)" to="(2670,300)"/>
    <wire from="(770,630)" to="(1420,630)"/>
    <wire from="(770,570)" to="(1680,570)"/>
    <wire from="(2440,450)" to="(2670,450)"/>
    <wire from="(670,360)" to="(670,370)"/>
    <wire from="(770,760)" to="(890,760)"/>
    <wire from="(720,160)" to="(1540,160)"/>
    <wire from="(770,660)" to="(1340,660)"/>
    <wire from="(1760,1830)" to="(2640,1830)"/>
    <wire from="(2460,460)" to="(2670,460)"/>
    <wire from="(2220,340)" to="(2220,450)"/>
    <wire from="(1710,270)" to="(1710,600)"/>
    <wire from="(1480,640)" to="(1730,640)"/>
    <wire from="(2080,1320)" to="(2480,1320)"/>
    <wire from="(720,190)" to="(1460,190)"/>
    <wire from="(1130,330)" to="(1130,1680)"/>
    <wire from="(2670,560)" to="(2670,1890)"/>
    <wire from="(2380,180)" to="(2380,300)"/>
    <wire from="(1830,760)" to="(2020,760)"/>
    <wire from="(770,700)" to="(1200,700)"/>
    <wire from="(770,770)" to="(880,770)"/>
    <wire from="(750,840)" to="(750,860)"/>
    <wire from="(2720,290)" to="(2730,290)"/>
    <wire from="(2320,250)" to="(2320,310)"/>
    <wire from="(2220,340)" to="(2670,340)"/>
    <wire from="(2090,1070)" to="(2410,1070)"/>
    <wire from="(2610,530)" to="(2670,530)"/>
    <wire from="(720,220)" to="(1380,220)"/>
    <wire from="(2300,310)" to="(2300,320)"/>
    <wire from="(2300,320)" to="(2670,320)"/>
    <wire from="(810,1790)" to="(1710,1790)"/>
    <wire from="(1810,690)" to="(2020,690)"/>
    <wire from="(1760,1700)" to="(2610,1700)"/>
    <wire from="(720,250)" to="(1300,250)"/>
    <wire from="(2100,1250)" to="(2460,1250)"/>
    <wire from="(1720,330)" to="(1720,620)"/>
    <wire from="(770,820)" to="(780,820)"/>
    <wire from="(640,850)" to="(650,850)"/>
    <wire from="(1790,620)" to="(2020,620)"/>
    <wire from="(1440,200)" to="(1440,860)"/>
    <wire from="(1420,630)" to="(1420,710)"/>
    <wire from="(950,1340)" to="(2030,1340)"/>
    <wire from="(1180,1150)" to="(2050,1150)"/>
    <wire from="(720,270)" to="(1230,270)"/>
    <wire from="(1460,190)" to="(1460,790)"/>
    <wire from="(2550,500)" to="(2550,1500)"/>
    <wire from="(2040,110)" to="(2410,110)"/>
    <wire from="(1760,470)" to="(1760,670)"/>
    <wire from="(2270,360)" to="(2670,360)"/>
    <wire from="(770,620)" to="(1450,620)"/>
    <wire from="(1400,640)" to="(1400,770)"/>
    <wire from="(720,110)" to="(1660,110)"/>
    <wire from="(2100,1130)" to="(2420,1130)"/>
    <wire from="(1370,810)" to="(1830,810)"/>
    <wire from="(770,650)" to="(1370,650)"/>
    <wire from="(720,150)" to="(1570,150)"/>
    <wire from="(2630,540)" to="(2630,1770)"/>
    <wire from="(2050,250)" to="(2320,250)"/>
    <wire from="(2630,540)" to="(2670,540)"/>
    <wire from="(2590,520)" to="(2590,1630)"/>
    <wire from="(1730,400)" to="(2010,400)"/>
    <wire from="(1230,1300)" to="(2030,1300)"/>
    <wire from="(770,830)" to="(770,1910)"/>
    <wire from="(720,180)" to="(1490,180)"/>
    <wire from="(880,1520)" to="(1720,1520)"/>
    <wire from="(2070,670)" to="(2290,670)"/>
    <wire from="(1340,660)" to="(1340,830)"/>
    <wire from="(770,800)" to="(820,800)"/>
    <wire from="(1150,1550)" to="(1710,1550)"/>
    <wire from="(1160,1480)" to="(1720,1480)"/>
    <wire from="(1410,920)" to="(2030,920)"/>
    <wire from="(1590,430)" to="(2010,430)"/>
    <wire from="(720,210)" to="(1410,210)"/>
    <wire from="(720,360)" to="(1090,360)"/>
    <wire from="(900,750)" to="(900,1400)"/>
    <wire from="(2080,880)" to="(2360,880)"/>
    <wire from="(1150,310)" to="(1150,1550)"/>
    <wire from="(2530,490)" to="(2670,490)"/>
    <wire from="(770,810)" to="(810,810)"/>
    <wire from="(1140,1610)" to="(1710,1610)"/>
    <wire from="(1450,690)" to="(1770,690)"/>
    <wire from="(2410,430)" to="(2670,430)"/>
    <wire from="(810,810)" to="(810,1790)"/>
    <wire from="(1680,200)" to="(2000,200)"/>
    <wire from="(1300,1170)" to="(2060,1170)"/>
    <wire from="(2080,1000)" to="(2400,1000)"/>
    <wire from="(720,280)" to="(1190,280)"/>
    <wire from="(2070,810)" to="(2330,810)"/>
    <wire from="(2480,470)" to="(2670,470)"/>
    <wire from="(2640,550)" to="(2640,1830)"/>
    <wire from="(650,860)" to="(680,860)"/>
    <wire from="(770,590)" to="(1500,590)"/>
    <wire from="(1200,1090)" to="(2040,1090)"/>
    <wire from="(1380,220)" to="(1380,980)"/>
    <wire from="(720,260)" to="(1260,260)"/>
    <wire from="(2240,350)" to="(2670,350)"/>
    <wire from="(1490,720)" to="(2020,720)"/>
    <wire from="(1590,140)" to="(1590,430)"/>
    <wire from="(770,1910)" to="(1740,1910)"/>
    <wire from="(1260,1230)" to="(2050,1230)"/>
    <wire from="(1610,130)" to="(1610,360)"/>
    <wire from="(1570,150)" to="(1570,510)"/>
    <comp lib="1" loc="(2060,450)" name="AND Gate">
      <a name="inputs" val="2"/>
      <a name="label" val="6"/>
    </comp>
    <comp lib="1" loc="(2080,940)" name="AND Gate">
      <a name="inputs" val="2"/>
      <a name="label" val="13"/>
    </comp>
    <comp lib="0" loc="(670,360)" name="Pin">
      <a name="width" val="28"/>
      <a name="tristate" val="false"/>
    </comp>
    <comp lib="1" loc="(2050,180)" name="AND Gate">
      <a name="inputs" val="2"/>
      <a name="label" val="2"/>
    </comp>
    <comp lib="0" loc="(2690,280)" name="Splitter">
      <a name="facing" val="west"/>
      <a name="fanout" val="28"/>
      <a name="incoming" val="28"/>
    </comp>
    <comp lib="0" loc="(2730,290)" name="Pin">
      <a name="facing" val="west"/>
      <a name="output" val="true"/>
      <a name="width" val="28"/>
      <a name="labelloc" val="east"/>
    </comp>
    <comp lib="1" loc="(2080,1320)" name="AND Gate">
      <a name="inputs" val="2"/>
      <a name="label" val="19"/>
    </comp>
    <comp lib="1" loc="(2110,1190)" name="AND Gate">
      <a name="inputs" val="2"/>
      <a name="label" val="17"/>
    </comp>
    <comp lib="1" loc="(1760,1830)" name="AND Gate">
      <a name="inputs" val="2"/>
      <a name="label" val="27"/>
    </comp>
    <comp lib="1" loc="(2060,530)" name="AND Gate">
      <a name="inputs" val="2"/>
      <a name="label" val="7"/>
    </comp>
    <comp lib="1" loc="(1790,1890)" name="AND Gate">
      <a name="inputs" val="2"/>
      <a name="label" val="28"/>
    </comp>
    <comp lib="1" loc="(2080,880)" name="AND Gate">
      <a name="inputs" val="2"/>
      <a name="label" val="12"/>
    </comp>
    <comp lib="0" loc="(700,370)" name="Splitter">
      <a name="fanout" val="28"/>
      <a name="incoming" val="28"/>
    </comp>
    <comp lib="1" loc="(2090,1070)" name="AND Gate">
      <a name="inputs" val="2"/>
      <a name="label" val="15"/>
    </comp>
    <comp lib="1" loc="(2100,1250)" name="AND Gate">
      <a name="inputs" val="2"/>
      <a name="label" val="18"/>
    </comp>
    <comp lib="1" loc="(2050,250)" name="AND Gate">
      <a name="inputs" val="2"/>
      <a name="label" val="3"/>
    </comp>
    <comp lib="0" loc="(640,850)" name="Pin">
      <a name="width" val="28"/>
      <a name="tristate" val="false"/>
      <a name="label" val="B"/>
    </comp>
    <comp lib="1" loc="(1760,1630)" name="AND Gate">
      <a name="inputs" val="2"/>
      <a name="label" val="24"/>
    </comp>
    <comp lib="1" loc="(2070,670)" name="AND Gate">
      <a name="inputs" val="2"/>
      <a name="label" val="9"/>
    </comp>
    <comp lib="1" loc="(1770,1500)" name="AND Gate">
      <a name="inputs" val="2"/>
      <a name="label" val="22"/>
    </comp>
    <comp lib="1" loc="(1760,1770)" name="AND Gate">
      <a name="inputs" val="2"/>
      <a name="label" val="26"/>
    </comp>
    <comp lib="1" loc="(2050,310)" name="AND Gate">
      <a name="inputs" val="2"/>
      <a name="label" val="4"/>
    </comp>
    <comp lib="1" loc="(2070,600)" name="AND Gate">
      <a name="inputs" val="2"/>
      <a name="label" val="8"/>
    </comp>
    <comp lib="1" loc="(2080,1000)" name="AND Gate">
      <a name="inputs" val="2"/>
      <a name="label" val="14"/>
    </comp>
    <comp lib="1" loc="(2100,1130)" name="AND Gate">
      <a name="inputs" val="2"/>
      <a name="label" val="16"/>
    </comp>
    <comp lib="0" loc="(750,840)" name="Splitter">
      <a name="fanout" val="28"/>
      <a name="incoming" val="28"/>
    </comp>
    <comp lib="1" loc="(1760,1440)" name="AND Gate">
      <a name="inputs" val="2"/>
      <a name="label" val="21"/>
    </comp>
    <comp lib="1" loc="(2090,1380)" name="AND Gate">
      <a name="inputs" val="2"/>
      <a name="label" val="20"/>
    </comp>
    <comp lib="1" loc="(2040,110)" name="AND Gate">
      <a name="inputs" val="2"/>
      <a name="label" val="1"/>
    </comp>
    <comp lib="1" loc="(2070,740)" name="AND Gate">
      <a name="inputs" val="2"/>
      <a name="label" val="10"/>
    </comp>
    <comp lib="1" loc="(2070,810)" name="AND Gate">
      <a name="inputs" val="2"/>
      <a name="label" val="11"/>
    </comp>
    <comp lib="1" loc="(1760,1570)" name="AND Gate">
      <a name="inputs" val="2"/>
      <a name="label" val="23"/>
    </comp>
    <comp lib="1" loc="(2060,380)" name="AND Gate">
      <a name="inputs" val="2"/>
      <a name="label" val="5"/>
    </comp>
    <comp lib="1" loc="(1760,1700)" name="AND Gate">
      <a name="inputs" val="2"/>
      <a name="label" val="25"/>
    </comp>
  </circuit>
  <circuit name="28 bit OR">
    <a name="circuit" val="28 bit OR"/>
    <a name="clabel" val=""/>
    <a name="clabelup" val="east"/>
    <a name="clabelfont" val="SansSerif plain 12"/>
    <wire from="(770,740)" to="(950,740)"/>
    <wire from="(2440,450)" to="(2440,1190)"/>
    <wire from="(1790,620)" to="(1790,710)"/>
    <wire from="(770,640)" to="(1400,640)"/>
    <wire from="(1460,790)" to="(2020,790)"/>
    <wire from="(2310,380)" to="(2310,740)"/>
    <wire from="(1280,680)" to="(1280,960)"/>
    <wire from="(720,130)" to="(1610,130)"/>
    <wire from="(2270,360)" to="(2270,600)"/>
    <wire from="(1120,340)" to="(1120,1750)"/>
    <wire from="(1230,270)" to="(1230,1300)"/>
    <wire from="(1520,600)" to="(1710,600)"/>
    <wire from="(950,740)" to="(950,1340)"/>
    <wire from="(1770,550)" to="(1770,690)"/>
    <wire from="(1420,710)" to="(1790,710)"/>
    <wire from="(1350,1050)" to="(2040,1050)"/>
    <wire from="(770,730)" to="(1010,730)"/>
    <wire from="(680,840)" to="(680,860)"/>
    <wire from="(860,1590)" to="(1710,1590)"/>
    <wire from="(2290,370)" to="(2670,370)"/>
    <wire from="(1090,1870)" to="(1740,1870)"/>
    <wire from="(1610,360)" to="(2010,360)"/>
    <wire from="(670,370)" to="(700,370)"/>
    <wire from="(2050,180)" to="(2380,180)"/>
    <wire from="(770,780)" to="(860,780)"/>
    <wire from="(770,710)" to="(1180,710)"/>
    <wire from="(2500,480)" to="(2670,480)"/>
    <wire from="(1720,330)" to="(2000,330)"/>
    <wire from="(1320,1110)" to="(2050,1110)"/>
    <wire from="(2480,470)" to="(2480,1320)"/>
    <wire from="(1540,580)" to="(2020,580)"/>
    <wire from="(1240,1020)" to="(2030,1020)"/>
    <wire from="(1110,1810)" to="(1710,1810)"/>
    <wire from="(720,200)" to="(1440,200)"/>
    <wire from="(1190,1360)" to="(2040,1360)"/>
    <wire from="(1440,860)" to="(2040,860)"/>
    <wire from="(1480,600)" to="(1480,640)"/>
    <wire from="(2060,450)" to="(2220,450)"/>
    <wire from="(1500,590)" to="(1500,620)"/>
    <wire from="(1490,180)" to="(1490,720)"/>
    <wire from="(2690,280)" to="(2720,280)"/>
    <wire from="(2640,550)" to="(2670,550)"/>
    <wire from="(820,1720)" to="(1710,1720)"/>
    <wire from="(1810,690)" to="(1810,770)"/>
    <wire from="(810,1790)" to="(1700,1790)"/>
    <wire from="(1300,250)" to="(1300,1170)"/>
    <wire from="(2390,410)" to="(2670,410)"/>
    <wire from="(1760,1570)" to="(2570,1570)"/>
    <wire from="(780,1850)" to="(1710,1850)"/>
    <wire from="(2200,330)" to="(2200,380)"/>
    <wire from="(1510,650)" to="(2020,650)"/>
    <wire from="(2240,350)" to="(2240,530)"/>
    <wire from="(2410,290)" to="(2670,290)"/>
    <wire from="(1670,130)" to="(1990,130)"/>
    <wire from="(1760,1630)" to="(2590,1630)"/>
    <wire from="(1010,1270)" to="(2050,1270)"/>
    <wire from="(720,120)" to="(1640,120)"/>
    <wire from="(2070,600)" to="(2270,600)"/>
    <wire from="(1190,280)" to="(1190,1360)"/>
    <wire from="(1680,200)" to="(1680,570)"/>
    <wire from="(1830,760)" to="(1830,810)"/>
    <wire from="(2550,500)" to="(2670,500)"/>
    <wire from="(890,760)" to="(890,1460)"/>
    <wire from="(1320,240)" to="(1320,1110)"/>
    <wire from="(1660,230)" to="(2000,230)"/>
    <wire from="(1510,170)" to="(1510,650)"/>
    <wire from="(1170,290)" to="(1170,1420)"/>
    <wire from="(2310,380)" to="(2670,380)"/>
    <wire from="(680,860)" to="(680,870)"/>
    <wire from="(900,1400)" to="(2040,1400)"/>
    <wire from="(890,1460)" to="(1710,1460)"/>
    <wire from="(2570,510)" to="(2570,1570)"/>
    <wire from="(1520,580)" to="(1520,600)"/>
    <wire from="(1770,550)" to="(2010,550)"/>
    <wire from="(1340,830)" to="(2020,830)"/>
    <wire from="(770,680)" to="(1280,680)"/>
    <wire from="(2330,390)" to="(2670,390)"/>
    <wire from="(2530,490)" to="(2530,1440)"/>
    <wire from="(1450,620)" to="(1450,690)"/>
    <wire from="(2060,530)" to="(2240,530)"/>
    <wire from="(840,1650)" to="(1710,1650)"/>
    <wire from="(1240,690)" to="(1240,1020)"/>
    <wire from="(1140,320)" to="(1140,1610)"/>
    <wire from="(1660,110)" to="(1660,230)"/>
    <wire from="(720,240)" to="(1320,240)"/>
    <wire from="(1380,980)" to="(2030,980)"/>
    <wire from="(1310,890)" to="(2030,890)"/>
    <wire from="(1110,350)" to="(1110,1810)"/>
    <wire from="(1680,100)" to="(1680,160)"/>
    <wire from="(1470,610)" to="(1470,670)"/>
    <wire from="(1730,400)" to="(1730,640)"/>
    <wire from="(2360,400)" to="(2670,400)"/>
    <wire from="(1770,1500)" to="(2550,1500)"/>
    <wire from="(770,560)" to="(1670,560)"/>
    <wire from="(1640,120)" to="(1640,290)"/>
    <wire from="(1500,620)" to="(1720,620)"/>
    <wire from="(720,290)" to="(1170,290)"/>
    <wire from="(1370,650)" to="(1370,810)"/>
    <wire from="(2610,530)" to="(2610,1700)"/>
    <wire from="(2390,410)" to="(2390,940)"/>
    <wire from="(1170,1420)" to="(1710,1420)"/>
    <wire from="(770,600)" to="(1480,600)"/>
    <wire from="(1090,360)" to="(1090,1870)"/>
    <wire from="(2570,510)" to="(2670,510)"/>
    <wire from="(1640,290)" to="(2000,290)"/>
    <wire from="(720,300)" to="(1160,300)"/>
    <wire from="(2360,400)" to="(2360,880)"/>
    <wire from="(1280,960)" to="(2030,960)"/>
    <wire from="(2090,1380)" to="(2500,1380)"/>
    <wire from="(770,610)" to="(1470,610)"/>
    <wire from="(1310,670)" to="(1310,890)"/>
    <wire from="(720,100)" to="(1680,100)"/>
    <wire from="(2070,740)" to="(2310,740)"/>
    <wire from="(1570,510)" to="(2010,510)"/>
    <wire from="(720,140)" to="(1590,140)"/>
    <wire from="(1410,210)" to="(1410,920)"/>
    <wire from="(2110,1190)" to="(2440,1190)"/>
    <wire from="(720,320)" to="(1140,320)"/>
    <wire from="(2590,520)" to="(2670,520)"/>
    <wire from="(1680,160)" to="(2000,160)"/>
    <wire from="(720,310)" to="(1150,310)"/>
    <wire from="(1260,260)" to="(1260,1230)"/>
    <wire from="(2050,310)" to="(2300,310)"/>
    <wire from="(2400,420)" to="(2400,1000)"/>
    <wire from="(720,170)" to="(1510,170)"/>
    <wire from="(2420,440)" to="(2670,440)"/>
    <wire from="(770,690)" to="(1240,690)"/>
    <wire from="(770,670)" to="(1310,670)"/>
    <wire from="(1180,710)" to="(1180,1150)"/>
    <wire from="(2060,380)" to="(2200,380)"/>
    <wire from="(720,330)" to="(1130,330)"/>
    <wire from="(1130,1680)" to="(1710,1680)"/>
    <wire from="(1120,1750)" to="(1700,1750)"/>
    <wire from="(680,860)" to="(750,860)"/>
    <wire from="(720,350)" to="(1110,350)"/>
    <wire from="(1400,770)" to="(1810,770)"/>
    <wire from="(770,790)" to="(840,790)"/>
    <wire from="(720,340)" to="(1120,340)"/>
    <wire from="(650,850)" to="(650,860)"/>
    <wire from="(720,90)" to="(1990,90)"/>
    <wire from="(2320,310)" to="(2670,310)"/>
    <wire from="(720,230)" to="(1350,230)"/>
    <wire from="(1710,270)" to="(2000,270)"/>
    <wire from="(2330,390)" to="(2330,810)"/>
    <wire from="(1470,670)" to="(1760,670)"/>
    <wire from="(780,820)" to="(780,1850)"/>
    <wire from="(2200,330)" to="(2670,330)"/>
    <wire from="(1750,1770)" to="(2630,1770)"/>
    <wire from="(1790,1890)" to="(2670,1890)"/>
    <wire from="(1160,300)" to="(1160,1480)"/>
    <wire from="(2290,370)" to="(2290,670)"/>
    <wire from="(2410,110)" to="(2410,290)"/>
    <wire from="(840,790)" to="(840,1650)"/>
    <wire from="(1010,730)" to="(1010,1270)"/>
    <wire from="(1200,700)" to="(1200,1090)"/>
    <wire from="(820,800)" to="(820,1720)"/>
    <wire from="(2400,420)" to="(2670,420)"/>
    <wire from="(2420,440)" to="(2420,1130)"/>
    <wire from="(1760,470)" to="(2010,470)"/>
    <wire from="(770,580)" to="(1520,580)"/>
    <wire from="(1350,230)" to="(1350,1050)"/>
    <wire from="(2500,480)" to="(2500,1380)"/>
    <wire from="(880,770)" to="(880,1520)"/>
    <wire from="(2720,280)" to="(2720,290)"/>
    <wire from="(2410,430)" to="(2410,1070)"/>
    <wire from="(1760,1440)" to="(2530,1440)"/>
    <wire from="(1030,720)" to="(1030,1210)"/>
    <wire from="(860,780)" to="(860,1590)"/>
    <wire from="(2080,940)" to="(2390,940)"/>
    <wire from="(1030,1210)" to="(2060,1210)"/>
    <wire from="(770,720)" to="(1030,720)"/>
    <wire from="(770,750)" to="(900,750)"/>
    <wire from="(2460,460)" to="(2460,1250)"/>
    <wire from="(1540,160)" to="(1540,580)"/>
    <wire from="(1670,130)" to="(1670,560)"/>
    <wire from="(2380,300)" to="(2670,300)"/>
    <wire from="(770,630)" to="(1420,630)"/>
    <wire from="(770,570)" to="(1680,570)"/>
    <wire from="(2440,450)" to="(2670,450)"/>
    <wire from="(670,360)" to="(670,370)"/>
    <wire from="(770,760)" to="(890,760)"/>
    <wire from="(720,160)" to="(1540,160)"/>
    <wire from="(770,660)" to="(1340,660)"/>
    <wire from="(1760,1830)" to="(2640,1830)"/>
    <wire from="(2460,460)" to="(2670,460)"/>
    <wire from="(2220,340)" to="(2220,450)"/>
    <wire from="(1710,270)" to="(1710,600)"/>
    <wire from="(1480,640)" to="(1730,640)"/>
    <wire from="(2080,1320)" to="(2480,1320)"/>
    <wire from="(2090,880)" to="(2360,880)"/>
    <wire from="(720,190)" to="(1460,190)"/>
    <wire from="(1130,330)" to="(1130,1680)"/>
    <wire from="(2670,560)" to="(2670,1890)"/>
    <wire from="(2380,180)" to="(2380,300)"/>
    <wire from="(1830,760)" to="(2020,760)"/>
    <wire from="(770,700)" to="(1200,700)"/>
    <wire from="(770,770)" to="(880,770)"/>
    <wire from="(750,840)" to="(750,860)"/>
    <wire from="(2720,290)" to="(2730,290)"/>
    <wire from="(2320,250)" to="(2320,310)"/>
    <wire from="(2220,340)" to="(2670,340)"/>
    <wire from="(2090,1070)" to="(2410,1070)"/>
    <wire from="(2610,530)" to="(2670,530)"/>
    <wire from="(720,220)" to="(1380,220)"/>
    <wire from="(2300,310)" to="(2300,320)"/>
    <wire from="(2300,320)" to="(2670,320)"/>
    <wire from="(1810,690)" to="(2020,690)"/>
    <wire from="(1760,1700)" to="(2610,1700)"/>
    <wire from="(720,250)" to="(1300,250)"/>
    <wire from="(2100,1250)" to="(2460,1250)"/>
    <wire from="(1720,330)" to="(1720,620)"/>
    <wire from="(770,820)" to="(780,820)"/>
    <wire from="(640,850)" to="(650,850)"/>
    <wire from="(1790,620)" to="(2020,620)"/>
    <wire from="(1440,200)" to="(1440,860)"/>
    <wire from="(1420,630)" to="(1420,710)"/>
    <wire from="(950,1340)" to="(2030,1340)"/>
    <wire from="(1180,1150)" to="(2050,1150)"/>
    <wire from="(720,270)" to="(1230,270)"/>
    <wire from="(1460,190)" to="(1460,790)"/>
    <wire from="(2550,500)" to="(2550,1500)"/>
    <wire from="(2040,110)" to="(2410,110)"/>
    <wire from="(1760,470)" to="(1760,670)"/>
    <wire from="(2270,360)" to="(2670,360)"/>
    <wire from="(770,620)" to="(1450,620)"/>
    <wire from="(2030,890)" to="(2030,900)"/>
    <wire from="(1400,640)" to="(1400,770)"/>
    <wire from="(720,110)" to="(1660,110)"/>
    <wire from="(2100,1130)" to="(2420,1130)"/>
    <wire from="(1370,810)" to="(1830,810)"/>
    <wire from="(770,650)" to="(1370,650)"/>
    <wire from="(720,150)" to="(1570,150)"/>
    <wire from="(2630,540)" to="(2630,1770)"/>
    <wire from="(2050,250)" to="(2320,250)"/>
    <wire from="(2630,540)" to="(2670,540)"/>
    <wire from="(2590,520)" to="(2590,1630)"/>
    <wire from="(1730,400)" to="(2010,400)"/>
    <wire from="(1230,1300)" to="(2030,1300)"/>
    <wire from="(770,830)" to="(770,1910)"/>
    <wire from="(720,180)" to="(1490,180)"/>
    <wire from="(880,1520)" to="(1720,1520)"/>
    <wire from="(2070,670)" to="(2290,670)"/>
    <wire from="(1340,660)" to="(1340,830)"/>
    <wire from="(770,800)" to="(820,800)"/>
    <wire from="(1150,1550)" to="(1710,1550)"/>
    <wire from="(1160,1480)" to="(1720,1480)"/>
    <wire from="(1410,920)" to="(2030,920)"/>
    <wire from="(1590,430)" to="(2010,430)"/>
    <wire from="(720,210)" to="(1410,210)"/>
    <wire from="(720,360)" to="(1090,360)"/>
    <wire from="(900,750)" to="(900,1400)"/>
    <wire from="(1150,310)" to="(1150,1550)"/>
    <wire from="(2530,490)" to="(2670,490)"/>
    <wire from="(770,810)" to="(810,810)"/>
    <wire from="(1140,1610)" to="(1710,1610)"/>
    <wire from="(1450,690)" to="(1770,690)"/>
    <wire from="(2410,430)" to="(2670,430)"/>
    <wire from="(810,810)" to="(810,1790)"/>
    <wire from="(1680,200)" to="(2000,200)"/>
    <wire from="(1300,1170)" to="(2060,1170)"/>
    <wire from="(2080,1000)" to="(2400,1000)"/>
    <wire from="(720,280)" to="(1190,280)"/>
    <wire from="(2070,810)" to="(2330,810)"/>
    <wire from="(2480,470)" to="(2670,470)"/>
    <wire from="(2640,550)" to="(2640,1830)"/>
    <wire from="(650,860)" to="(680,860)"/>
    <wire from="(2030,900)" to="(2040,900)"/>
    <wire from="(770,590)" to="(1500,590)"/>
    <wire from="(1200,1090)" to="(2040,1090)"/>
    <wire from="(1380,220)" to="(1380,980)"/>
    <wire from="(720,260)" to="(1260,260)"/>
    <wire from="(2240,350)" to="(2670,350)"/>
    <wire from="(1490,720)" to="(2020,720)"/>
    <wire from="(1590,140)" to="(1590,430)"/>
    <wire from="(770,1910)" to="(1740,1910)"/>
    <wire from="(1260,1230)" to="(2050,1230)"/>
    <wire from="(1610,130)" to="(1610,360)"/>
    <wire from="(1570,150)" to="(1570,510)"/>
    <comp lib="1" loc="(1760,1440)" name="OR Gate">
      <a name="inputs" val="2"/>
    </comp>
    <comp lib="1" loc="(2060,450)" name="OR Gate">
      <a name="inputs" val="2"/>
    </comp>
    <comp lib="1" loc="(2100,1130)" name="OR Gate">
      <a name="inputs" val="2"/>
    </comp>
    <comp lib="0" loc="(2730,290)" name="Pin">
      <a name="facing" val="west"/>
      <a name="output" val="true"/>
      <a name="width" val="28"/>
      <a name="labelloc" val="east"/>
    </comp>
    <comp lib="1" loc="(2080,1000)" name="OR Gate">
      <a name="inputs" val="2"/>
    </comp>
    <comp lib="1" loc="(1760,1700)" name="OR Gate">
      <a name="inputs" val="2"/>
    </comp>
    <comp lib="1" loc="(2070,670)" name="OR Gate">
      <a name="inputs" val="2"/>
    </comp>
    <comp lib="1" loc="(2100,1250)" name="OR Gate">
      <a name="inputs" val="2"/>
    </comp>
    <comp lib="1" loc="(1760,1630)" name="OR Gate">
      <a name="inputs" val="2"/>
    </comp>
    <comp lib="1" loc="(2070,810)" name="OR Gate">
      <a name="inputs" val="2"/>
    </comp>
    <comp lib="1" loc="(1770,1500)" name="OR Gate">
      <a name="inputs" val="2"/>
    </comp>
    <comp lib="1" loc="(2070,600)" name="OR Gate">
      <a name="inputs" val="2"/>
    </comp>
    <comp lib="1" loc="(2110,1190)" name="OR Gate">
      <a name="inputs" val="2"/>
    </comp>
    <comp lib="1" loc="(2070,740)" name="OR Gate">
      <a name="inputs" val="2"/>
    </comp>
    <comp lib="1" loc="(2050,180)" name="OR Gate">
      <a name="inputs" val="2"/>
    </comp>
    <comp lib="0" loc="(2690,280)" name="Splitter">
      <a name="facing" val="west"/>
      <a name="fanout" val="28"/>
      <a name="incoming" val="28"/>
    </comp>
    <comp lib="1" loc="(2090,880)" name="OR Gate">
      <a name="inputs" val="2"/>
    </comp>
    <comp lib="0" loc="(700,370)" name="Splitter">
      <a name="fanout" val="28"/>
      <a name="incoming" val="28"/>
    </comp>
    <comp lib="1" loc="(2060,380)" name="OR Gate">
      <a name="inputs" val="2"/>
    </comp>
    <comp lib="1" loc="(2080,940)" name="OR Gate">
      <a name="inputs" val="2"/>
    </comp>
    <comp lib="1" loc="(2050,250)" name="OR Gate">
      <a name="inputs" val="2"/>
    </comp>
    <comp lib="1" loc="(2060,530)" name="OR Gate">
      <a name="inputs" val="2"/>
    </comp>
    <comp lib="0" loc="(670,360)" name="Pin">
      <a name="width" val="28"/>
      <a name="tristate" val="false"/>
    </comp>
    <comp lib="1" loc="(2090,1070)" name="OR Gate">
      <a name="inputs" val="2"/>
    </comp>
    <comp lib="1" loc="(2040,110)" name="OR Gate">
      <a name="inputs" val="2"/>
    </comp>
    <comp lib="1" loc="(2090,1380)" name="OR Gate">
      <a name="inputs" val="2"/>
    </comp>
    <comp lib="1" loc="(2050,310)" name="OR Gate">
      <a name="inputs" val="2"/>
    </comp>
    <comp lib="1" loc="(2080,1320)" name="OR Gate">
      <a name="inputs" val="2"/>
    </comp>
    <comp lib="0" loc="(750,840)" name="Splitter">
      <a name="fanout" val="28"/>
      <a name="incoming" val="28"/>
    </comp>
    <comp lib="1" loc="(1750,1770)" name="OR Gate">
      <a name="inputs" val="2"/>
    </comp>
    <comp lib="1" loc="(1760,1570)" name="OR Gate">
      <a name="inputs" val="2"/>
    </comp>
    <comp lib="1" loc="(1790,1890)" name="OR Gate">
      <a name="inputs" val="2"/>
    </comp>
    <comp lib="0" loc="(640,850)" name="Pin">
      <a name="width" val="28"/>
      <a name="tristate" val="false"/>
      <a name="label" val="B"/>
    </comp>
    <comp lib="1" loc="(1760,1830)" name="OR Gate">
      <a name="inputs" val="2"/>
    </comp>
  </circuit>
  <circuit name="negative">
    <a name="circuit" val="negative"/>
    <a name="clabel" val=""/>
    <a name="clabelup" val="east"/>
    <a name="clabelfont" val="SansSerif plain 12"/>
    <wire from="(260,250)" to="(310,250)"/>
    <wire from="(330,530)" to="(450,530)"/>
    <comp lib="0" loc="(260,250)" name="Pin">
      <a name="width" val="28"/>
      <a name="tristate" val="false"/>
    </comp>
    <comp lib="0" loc="(450,530)" name="Pin">
      <a name="facing" val="west"/>
      <a name="output" val="true"/>
      <a name="labelloc" val="east"/>
    </comp>
    <comp lib="0" loc="(310,250)" name="Splitter">
      <a name="fanout" val="28"/>
      <a name="incoming" val="28"/>
      <a name="appear" val="right"/>
    </comp>
  </circuit>
  <circuit name="zero flag">
    <a name="circuit" val="zero flag"/>
    <a name="clabel" val=""/>
    <a name="clabelup" val="east"/>
    <a name="clabelfont" val="SansSerif plain 12"/>
    <wire from="(660,420)" to="(660,430)"/>
    <wire from="(650,430)" to="(650,440)"/>
    <wire from="(530,550)" to="(530,560)"/>
    <wire from="(570,510)" to="(570,520)"/>
    <wire from="(560,520)" to="(560,530)"/>
    <wire from="(540,540)" to="(540,550)"/>
    <wire from="(550,530)" to="(550,540)"/>
    <wire from="(630,450)" to="(630,460)"/>
    <wire from="(610,470)" to="(610,480)"/>
    <wire from="(640,440)" to="(640,450)"/>
    <wire from="(600,480)" to="(600,490)"/>
    <wire from="(320,510)" to="(570,510)"/>
    <wire from="(620,460)" to="(620,470)"/>
    <wire from="(580,500)" to="(580,510)"/>
    <wire from="(590,490)" to="(590,500)"/>
    <wire from="(610,480)" to="(670,480)"/>
    <wire from="(630,460)" to="(670,460)"/>
    <wire from="(320,520)" to="(560,520)"/>
    <wire from="(560,530)" to="(670,530)"/>
    <wire from="(320,530)" to="(550,530)"/>
    <wire from="(320,540)" to="(540,540)"/>
    <wire from="(650,440)" to="(670,440)"/>
    <wire from="(270,270)" to="(300,270)"/>
    <wire from="(320,370)" to="(670,370)"/>
    <wire from="(320,330)" to="(670,330)"/>
    <wire from="(320,410)" to="(670,410)"/>
    <wire from="(320,390)" to="(670,390)"/>
    <wire from="(320,350)" to="(670,350)"/>
    <wire from="(320,290)" to="(670,290)"/>
    <wire from="(320,310)" to="(670,310)"/>
    <wire from="(720,420)" to="(750,420)"/>
    <wire from="(320,420)" to="(660,420)"/>
    <wire from="(320,550)" to="(530,550)"/>
    <wire from="(780,420)" to="(810,420)"/>
    <wire from="(580,510)" to="(670,510)"/>
    <wire from="(600,490)" to="(670,490)"/>
    <wire from="(320,430)" to="(650,430)"/>
    <wire from="(530,560)" to="(670,560)"/>
    <wire from="(550,540)" to="(670,540)"/>
    <wire from="(320,440)" to="(640,440)"/>
    <wire from="(620,470)" to="(670,470)"/>
    <wire from="(320,450)" to="(630,450)"/>
    <wire from="(320,460)" to="(620,460)"/>
    <wire from="(570,520)" to="(670,520)"/>
    <wire from="(320,470)" to="(610,470)"/>
    <wire from="(320,360)" to="(670,360)"/>
    <wire from="(320,300)" to="(670,300)"/>
    <wire from="(320,400)" to="(670,400)"/>
    <wire from="(320,380)" to="(670,380)"/>
    <wire from="(320,340)" to="(670,340)"/>
    <wire from="(320,280)" to="(670,280)"/>
    <wire from="(320,320)" to="(670,320)"/>
    <wire from="(640,450)" to="(670,450)"/>
    <wire from="(320,480)" to="(600,480)"/>
    <wire from="(540,550)" to="(670,550)"/>
    <wire from="(320,490)" to="(590,490)"/>
    <wire from="(320,500)" to="(580,500)"/>
    <wire from="(590,500)" to="(670,500)"/>
    <wire from="(660,430)" to="(670,430)"/>
    <comp lib="0" loc="(270,270)" name="Pin">
      <a name="width" val="28"/>
      <a name="tristate" val="false"/>
    </comp>
    <comp lib="0" loc="(810,420)" name="Pin">
      <a name="facing" val="west"/>
      <a name="output" val="true"/>
      <a name="labelloc" val="east"/>
    </comp>
    <comp lib="1" loc="(780,420)" name="NOT Gate"/>
    <comp lib="0" loc="(300,270)" name="Splitter">
      <a name="fanout" val="28"/>
      <a name="incoming" val="28"/>
      <a name="appear" val="right"/>
    </comp>
    <comp lib="1" loc="(720,420)" name="OR Gate">
      <a name="inputs" val="28"/>
    </comp>
  </circuit>
  <circuit name="28 bit full adder">
    <a name="circuit" val="28 bit full adder"/>
    <a name="clabel" val=""/>
    <a name="clabelup" val="east"/>
    <a name="clabelfont" val="SansSerif plain 12"/>
    <wire from="(370,1130)" to="(370,1140)"/>
    <wire from="(370,1050)" to="(370,1060)"/>
    <wire from="(390,710)" to="(390,720)"/>
    <wire from="(390,1430)" to="(390,1440)"/>
    <wire from="(170,420)" to="(350,420)"/>
    <wire from="(230,1310)" to="(230,1320)"/>
    <wire from="(410,1270)" to="(530,1270)"/>
    <wire from="(230,1270)" to="(230,1280)"/>
    <wire from="(190,680)" to="(370,680)"/>
    <wire from="(190,520)" to="(370,520)"/>
    <wire from="(340,340)" to="(340,350)"/>
    <wire from="(410,1870)" to="(580,1870)"/>
    <wire from="(410,1750)" to="(580,1750)"/>
    <wire from="(390,1830)" to="(390,1850)"/>
    <wire from="(390,1350)" to="(390,1370)"/>
    <wire from="(390,1230)" to="(390,1250)"/>
    <wire from="(390,630)" to="(390,650)"/>
    <wire from="(390,1470)" to="(390,1490)"/>
    <wire from="(390,1590)" to="(390,1610)"/>
    <wire from="(390,1710)" to="(390,1730)"/>
    <wire from="(410,920)" to="(520,920)"/>
    <wire from="(200,740)" to="(370,740)"/>
    <wire from="(190,610)" to="(360,610)"/>
    <wire from="(200,460)" to="(370,460)"/>
    <wire from="(390,350)" to="(390,380)"/>
    <wire from="(390,750)" to="(390,780)"/>
    <wire from="(410,330)" to="(510,330)"/>
    <wire from="(410,530)" to="(510,530)"/>
    <wire from="(410,860)" to="(500,860)"/>
    <wire from="(210,1520)" to="(370,1520)"/>
    <wire from="(210,1440)" to="(370,1440)"/>
    <wire from="(210,1400)" to="(370,1400)"/>
    <wire from="(210,1800)" to="(370,1800)"/>
    <wire from="(210,1760)" to="(370,1760)"/>
    <wire from="(210,1880)" to="(370,1880)"/>
    <wire from="(220,100)" to="(370,100)"/>
    <wire from="(410,1450)" to="(560,1450)"/>
    <wire from="(410,1570)" to="(560,1570)"/>
    <wire from="(220,1620)" to="(370,1620)"/>
    <wire from="(220,1700)" to="(370,1700)"/>
    <wire from="(390,270)" to="(390,310)"/>
    <wire from="(390,550)" to="(390,590)"/>
    <wire from="(220,1580)" to="(370,1580)"/>
    <wire from="(230,1320)" to="(370,1320)"/>
    <wire from="(230,1200)" to="(370,1200)"/>
    <wire from="(230,1280)" to="(370,1280)"/>
    <wire from="(230,1000)" to="(370,1000)"/>
    <wire from="(500,860)" to="(510,860)"/>
    <wire from="(360,240)" to="(370,240)"/>
    <wire from="(220,1260)" to="(230,1260)"/>
    <wire from="(240,260)" to="(370,260)"/>
    <wire from="(570,1810)" to="(580,1810)"/>
    <wire from="(230,1000)" to="(230,1010)"/>
    <wire from="(210,380)" to="(210,390)"/>
    <wire from="(190,600)" to="(190,610)"/>
    <wire from="(240,230)" to="(360,230)"/>
    <wire from="(370,980)" to="(370,990)"/>
    <wire from="(360,610)" to="(360,620)"/>
    <wire from="(390,880)" to="(390,900)"/>
    <wire from="(410,1330)" to="(520,1330)"/>
    <wire from="(410,250)" to="(520,250)"/>
    <wire from="(200,790)" to="(370,790)"/>
    <wire from="(200,870)" to="(370,870)"/>
    <wire from="(390,200)" to="(390,230)"/>
    <wire from="(390,1160)" to="(390,1190)"/>
    <wire from="(410,1060)" to="(510,1060)"/>
    <wire from="(210,930)" to="(370,930)"/>
    <wire from="(410,1810)" to="(570,1810)"/>
    <wire from="(220,990)" to="(370,990)"/>
    <wire from="(390,1080)" to="(390,1120)"/>
    <wire from="(230,1080)" to="(240,1080)"/>
    <wire from="(230,1160)" to="(240,1160)"/>
    <wire from="(370,260)" to="(380,260)"/>
    <wire from="(410,800)" to="(490,800)"/>
    <wire from="(240,1070)" to="(370,1070)"/>
    <wire from="(240,1150)" to="(370,1150)"/>
    <wire from="(410,730)" to="(480,730)"/>
    <wire from="(240,190)" to="(370,190)"/>
    <wire from="(530,1140)" to="(540,1140)"/>
    <wire from="(520,1330)" to="(530,1330)"/>
    <wire from="(560,1450)" to="(570,1450)"/>
    <wire from="(580,1870)" to="(590,1870)"/>
    <wire from="(390,970)" to="(390,980)"/>
    <wire from="(390,1250)" to="(390,1260)"/>
    <wire from="(230,1330)" to="(230,1340)"/>
    <wire from="(190,540)" to="(370,540)"/>
    <wire from="(190,660)" to="(370,660)"/>
    <wire from="(350,410)" to="(350,420)"/>
    <wire from="(410,1690)" to="(580,1690)"/>
    <wire from="(390,1770)" to="(390,1790)"/>
    <wire from="(390,690)" to="(390,710)"/>
    <wire from="(390,1890)" to="(390,1910)"/>
    <wire from="(390,1290)" to="(390,1310)"/>
    <wire from="(390,1410)" to="(390,1430)"/>
    <wire from="(390,1650)" to="(390,1670)"/>
    <wire from="(390,1530)" to="(390,1550)"/>
    <wire from="(390,490)" to="(390,510)"/>
    <wire from="(410,180)" to="(520,180)"/>
    <wire from="(200,720)" to="(370,720)"/>
    <wire from="(200,480)" to="(370,480)"/>
    <wire from="(180,580)" to="(350,580)"/>
    <wire from="(390,1010)" to="(390,1040)"/>
    <wire from="(410,990)" to="(510,990)"/>
    <wire from="(410,110)" to="(510,110)"/>
    <wire from="(410,470)" to="(510,470)"/>
    <wire from="(390,130)" to="(390,160)"/>
    <wire from="(210,1460)" to="(370,1460)"/>
    <wire from="(210,1380)" to="(370,1380)"/>
    <wire from="(210,1500)" to="(370,1500)"/>
    <wire from="(210,1860)" to="(370,1860)"/>
    <wire from="(210,1740)" to="(370,1740)"/>
    <wire from="(210,1820)" to="(370,1820)"/>
    <wire from="(340,340)" to="(370,340)"/>
    <wire from="(220,120)" to="(370,120)"/>
    <wire from="(350,600)" to="(370,600)"/>
    <wire from="(410,1390)" to="(560,1390)"/>
    <wire from="(410,1630)" to="(560,1630)"/>
    <wire from="(390,50)" to="(390,90)"/>
    <wire from="(220,1680)" to="(370,1680)"/>
    <wire from="(220,1560)" to="(370,1560)"/>
    <wire from="(220,1640)" to="(370,1640)"/>
    <wire from="(230,1260)" to="(370,1260)"/>
    <wire from="(230,1140)" to="(370,1140)"/>
    <wire from="(230,1340)" to="(370,1340)"/>
    <wire from="(230,1060)" to="(370,1060)"/>
    <wire from="(230,1220)" to="(370,1220)"/>
    <wire from="(360,620)" to="(370,620)"/>
    <wire from="(200,1860)" to="(210,1860)"/>
    <wire from="(200,380)" to="(210,380)"/>
    <wire from="(180,600)" to="(190,600)"/>
    <wire from="(410,610)" to="(490,610)"/>
    <wire from="(410,1210)" to="(540,1210)"/>
    <wire from="(410,1140)" to="(530,1140)"/>
    <wire from="(220,1570)" to="(220,1580)"/>
    <wire from="(210,1880)" to="(210,1890)"/>
    <wire from="(230,1220)" to="(230,1230)"/>
    <wire from="(240,1070)" to="(240,1080)"/>
    <wire from="(240,1150)" to="(240,1160)"/>
    <wire from="(360,230)" to="(360,240)"/>
    <wire from="(350,580)" to="(350,600)"/>
    <wire from="(390,820)" to="(390,840)"/>
    <wire from="(200,850)" to="(370,850)"/>
    <wire from="(200,810)" to="(370,810)"/>
    <wire from="(260,320)" to="(370,320)"/>
    <wire from="(390,420)" to="(390,450)"/>
    <wire from="(390,940)" to="(390,970)"/>
    <wire from="(410,400)" to="(510,400)"/>
    <wire from="(240,350)" to="(340,350)"/>
    <wire from="(390,1910)" to="(480,1910)"/>
    <wire from="(210,390)" to="(370,390)"/>
    <wire from="(210,910)" to="(370,910)"/>
    <wire from="(410,1510)" to="(570,1510)"/>
    <wire from="(350,410)" to="(370,410)"/>
    <wire from="(370,1400)" to="(380,1400)"/>
    <wire from="(490,800)" to="(500,800)"/>
    <wire from="(220,1010)" to="(230,1010)"/>
    <wire from="(410,670)" to="(480,670)"/>
    <wire from="(240,170)" to="(370,170)"/>
    <wire from="(480,1910)" to="(490,1910)"/>
    <wire from="(540,1210)" to="(550,1210)"/>
    <wire from="(510,1060)" to="(520,1060)"/>
    <wire from="(560,1630)" to="(570,1630)"/>
    <comp lib="0" loc="(500,860)" name="Pin">
      <a name="facing" val="west"/>
      <a name="output" val="true"/>
      <a name="labelloc" val="east"/>
    </comp>
    <comp lib="0" loc="(210,930)" name="Pin">
      <a name="tristate" val="false"/>
    </comp>
    <comp lib="0" loc="(580,1690)" name="Pin">
      <a name="facing" val="west"/>
      <a name="output" val="true"/>
      <a name="labelloc" val="east"/>
    </comp>
    <comp lib="3" loc="(410,990)" name="Adder">
      <a name="width" val="1"/>
    </comp>
    <comp lib="0" loc="(490,610)" name="Pin">
      <a name="facing" val="west"/>
      <a name="output" val="true"/>
      <a name="labelloc" val="east"/>
    </comp>
    <comp lib="0" loc="(210,1500)" name="Pin">
      <a name="tristate" val="false"/>
    </comp>
    <comp lib="3" loc="(410,1330)" name="Adder">
      <a name="width" val="1"/>
    </comp>
    <comp lib="0" loc="(480,730)" name="Pin">
      <a name="facing" val="west"/>
      <a name="output" val="true"/>
      <a name="labelloc" val="east"/>
    </comp>
    <comp lib="3" loc="(410,1270)" name="Adder">
      <a name="width" val="1"/>
    </comp>
    <comp lib="3" loc="(410,470)" name="Adder">
      <a name="width" val="1"/>
    </comp>
    <comp lib="0" loc="(200,850)" name="Pin">
      <a name="tristate" val="false"/>
    </comp>
    <comp lib="0" loc="(210,1440)" name="Pin">
      <a name="tristate" val="false"/>
    </comp>
    <comp lib="0" loc="(210,1400)" name="Pin">
      <a name="tristate" val="false"/>
    </comp>
    <comp lib="3" loc="(410,730)" name="Adder">
      <a name="width" val="1"/>
    </comp>
    <comp lib="0" loc="(220,1640)" name="Pin">
      <a name="tristate" val="false"/>
    </comp>
    <comp lib="0" loc="(200,460)" name="Pin">
      <a name="tristate" val="false"/>
    </comp>
    <comp lib="0" loc="(230,1160)" name="Pin">
      <a name="tristate" val="false"/>
    </comp>
    <comp lib="0" loc="(200,870)" name="Pin">
      <a name="tristate" val="false"/>
    </comp>
    <comp lib="0" loc="(560,1570)" name="Pin">
      <a name="facing" val="west"/>
      <a name="output" val="true"/>
      <a name="labelloc" val="east"/>
    </comp>
    <comp lib="0" loc="(570,1810)" name="Pin">
      <a name="facing" val="west"/>
      <a name="output" val="true"/>
      <a name="labelloc" val="east"/>
    </comp>
    <comp lib="3" loc="(410,1450)" name="Adder">
      <a name="width" val="1"/>
    </comp>
    <comp lib="0" loc="(510,990)" name="Pin">
      <a name="facing" val="west"/>
      <a name="output" val="true"/>
      <a name="labelloc" val="east"/>
    </comp>
    <comp lib="0" loc="(220,990)" name="Pin">
      <a name="tristate" val="false"/>
    </comp>
    <comp lib="3" loc="(410,1210)" name="Adder">
      <a name="width" val="1"/>
    </comp>
    <comp lib="3" loc="(410,1390)" name="Adder">
      <a name="width" val="1"/>
    </comp>
    <comp lib="0" loc="(210,1800)" name="Pin">
      <a name="tristate" val="false"/>
      <a name="label" val="A26"/>
    </comp>
    <comp lib="0" loc="(220,120)" name="Pin">
      <a name="tristate" val="false"/>
      <a name="label" val="B0"/>
    </comp>
    <comp lib="0" loc="(180,600)" name="Pin">
      <a name="tristate" val="false"/>
    </comp>
    <comp lib="3" loc="(410,110)" name="Adder">
      <a name="width" val="1"/>
    </comp>
    <comp lib="0" loc="(510,470)" name="Pin">
      <a name="facing" val="west"/>
      <a name="output" val="true"/>
      <a name="labelloc" val="east"/>
    </comp>
    <comp lib="0" loc="(230,1080)" name="Pin">
      <a name="tristate" val="false"/>
    </comp>
    <comp lib="0" loc="(230,1320)" name="Pin">
      <a name="tristate" val="false"/>
    </comp>
    <comp lib="3" loc="(410,1690)" name="Adder">
      <a name="width" val="1"/>
    </comp>
    <comp lib="3" loc="(410,1750)" name="Adder">
      <a name="width" val="1"/>
    </comp>
    <comp lib="0" loc="(210,1820)" name="Pin">
      <a name="tristate" val="false"/>
      <a name="label" val="B26"/>
    </comp>
    <comp lib="0" loc="(200,480)" name="Pin">
      <a name="tristate" val="false"/>
    </comp>
    <comp lib="0" loc="(240,350)" name="Pin">
      <a name="tristate" val="false"/>
    </comp>
    <comp lib="0" loc="(510,400)" name="Pin">
      <a name="facing" val="west"/>
      <a name="output" val="true"/>
      <a name="labelloc" val="east"/>
    </comp>
    <comp lib="0" loc="(210,1520)" name="Pin">
      <a name="tristate" val="false"/>
    </comp>
    <comp lib="0" loc="(510,1060)" name="Pin">
      <a name="facing" val="west"/>
      <a name="output" val="true"/>
      <a name="labelloc" val="east"/>
    </comp>
    <comp lib="0" loc="(200,810)" name="Pin">
      <a name="tristate" val="false"/>
    </comp>
    <comp lib="0" loc="(490,800)" name="Pin">
      <a name="facing" val="west"/>
      <a name="output" val="true"/>
      <a name="labelloc" val="east"/>
    </comp>
    <comp lib="3" loc="(410,1870)" name="Adder">
      <a name="width" val="1"/>
    </comp>
    <comp lib="0" loc="(570,1510)" name="Pin">
      <a name="facing" val="west"/>
      <a name="output" val="true"/>
      <a name="labelloc" val="east"/>
    </comp>
    <comp lib="0" loc="(220,1560)" name="Pin">
      <a name="tristate" val="false"/>
    </comp>
    <comp lib="0" loc="(240,260)" name="Pin">
      <a name="tristate" val="false"/>
    </comp>
    <comp lib="0" loc="(520,180)" name="Pin">
      <a name="facing" val="west"/>
      <a name="output" val="true"/>
      <a name="labelloc" val="east"/>
    </comp>
    <comp lib="3" loc="(410,250)" name="Adder">
      <a name="width" val="1"/>
    </comp>
    <comp lib="3" loc="(410,530)" name="Adder">
      <a name="width" val="1"/>
    </comp>
    <comp lib="0" loc="(510,530)" name="Pin">
      <a name="facing" val="west"/>
      <a name="output" val="true"/>
      <a name="labelloc" val="east"/>
    </comp>
    <comp lib="0" loc="(210,1880)" name="Pin">
      <a name="tristate" val="false"/>
      <a name="label" val="B27"/>
    </comp>
    <comp lib="3" loc="(410,1060)" name="Adder">
      <a name="width" val="1"/>
    </comp>
    <comp lib="3" loc="(410,1510)" name="Adder">
      <a name="width" val="1"/>
    </comp>
    <comp lib="3" loc="(410,400)" name="Adder">
      <a name="width" val="1"/>
    </comp>
    <comp lib="0" loc="(200,740)" name="Pin">
      <a name="tristate" val="false"/>
    </comp>
    <comp lib="3" loc="(410,670)" name="Adder">
      <a name="width" val="1"/>
    </comp>
    <comp lib="0" loc="(390,50)" name="Pin">
      <a name="facing" val="south"/>
      <a name="tristate" val="false"/>
      <a name="label" val="Carray in"/>
    </comp>
    <comp lib="0" loc="(230,1200)" name="Pin">
      <a name="tristate" val="false"/>
    </comp>
    <comp lib="0" loc="(190,680)" name="Pin">
      <a name="tristate" val="false"/>
    </comp>
    <comp lib="0" loc="(220,1580)" name="Pin">
      <a name="tristate" val="false"/>
    </comp>
    <comp lib="3" loc="(410,800)" name="Adder">
      <a name="width" val="1"/>
    </comp>
    <comp lib="0" loc="(210,1760)" name="Pin">
      <a name="tristate" val="false"/>
    </comp>
    <comp lib="0" loc="(200,720)" name="Pin">
      <a name="tristate" val="false"/>
    </comp>
    <comp lib="0" loc="(240,230)" name="Pin">
      <a name="tristate" val="false"/>
    </comp>
    <comp lib="3" loc="(410,610)" name="Adder">
      <a name="width" val="1"/>
    </comp>
    <comp lib="0" loc="(510,330)" name="Pin">
      <a name="facing" val="west"/>
      <a name="output" val="true"/>
      <a name="labelloc" val="east"/>
    </comp>
    <comp lib="0" loc="(240,170)" name="Pin">
      <a name="tristate" val="false"/>
      <a name="label" val="A1"/>
    </comp>
    <comp lib="0" loc="(210,1380)" name="Pin">
      <a name="tristate" val="false"/>
    </comp>
    <comp lib="0" loc="(210,1860)" name="Pin">
      <a name="tristate" val="false"/>
      <a name="label" val="A27"/>
    </comp>
    <comp lib="0" loc="(560,1390)" name="Pin">
      <a name="facing" val="west"/>
      <a name="output" val="true"/>
      <a name="labelloc" val="east"/>
    </comp>
    <comp lib="0" loc="(190,540)" name="Pin">
      <a name="tristate" val="false"/>
    </comp>
    <comp lib="3" loc="(410,1630)" name="Adder">
      <a name="width" val="1"/>
    </comp>
    <comp lib="0" loc="(170,420)" name="Pin">
      <a name="tristate" val="false"/>
    </comp>
    <comp lib="0" loc="(210,1460)" name="Pin">
      <a name="tristate" val="false"/>
    </comp>
    <comp lib="0" loc="(530,1270)" name="Pin">
      <a name="facing" val="west"/>
      <a name="output" val="true"/>
      <a name="labelloc" val="east"/>
    </comp>
    <comp lib="0" loc="(210,1740)" name="Pin">
      <a name="tristate" val="false"/>
    </comp>
    <comp lib="0" loc="(230,1140)" name="Pin">
      <a name="tristate" val="false"/>
    </comp>
    <comp lib="0" loc="(210,910)" name="Pin">
      <a name="tristate" val="false"/>
    </comp>
    <comp lib="0" loc="(480,1910)" name="Pin">
      <a name="facing" val="west"/>
      <a name="output" val="true"/>
      <a name="label" val="Carry out"/>
      <a name="labelloc" val="east"/>
    </comp>
    <comp lib="0" loc="(200,790)" name="Pin">
      <a name="tristate" val="false"/>
    </comp>
    <comp lib="0" loc="(520,1330)" name="Pin">
      <a name="facing" val="west"/>
      <a name="output" val="true"/>
      <a name="labelloc" val="east"/>
    </comp>
    <comp lib="0" loc="(510,110)" name="Pin">
      <a name="facing" val="west"/>
      <a name="output" val="true"/>
      <a name="labelloc" val="east"/>
    </comp>
    <comp lib="3" loc="(410,330)" name="Adder">
      <a name="width" val="1"/>
    </comp>
    <comp lib="0" loc="(190,660)" name="Pin">
      <a name="tristate" val="false"/>
    </comp>
    <comp lib="0" loc="(180,580)" name="Pin">
      <a name="tristate" val="false"/>
    </comp>
    <comp lib="0" loc="(530,1140)" name="Pin">
      <a name="facing" val="west"/>
      <a name="output" val="true"/>
      <a name="labelloc" val="east"/>
    </comp>
    <comp lib="3" loc="(410,920)" name="Adder">
      <a name="width" val="1"/>
    </comp>
    <comp lib="0" loc="(230,1280)" name="Pin">
      <a name="tristate" val="false"/>
    </comp>
    <comp lib="0" loc="(580,1870)" name="Pin">
      <a name="facing" val="west"/>
      <a name="output" val="true"/>
      <a name="labelloc" val="east"/>
    </comp>
    <comp lib="0" loc="(240,190)" name="Pin">
      <a name="tristate" val="false"/>
      <a name="label" val="B1"/>
    </comp>
    <comp lib="0" loc="(220,1010)" name="Pin">
      <a name="tristate" val="false"/>
    </comp>
    <comp lib="0" loc="(220,1700)" name="Pin">
      <a name="tristate" val="false"/>
    </comp>
    <comp lib="0" loc="(230,1060)" name="Pin">
      <a name="tristate" val="false"/>
    </comp>
    <comp lib="0" loc="(580,1750)" name="Pin">
      <a name="facing" val="west"/>
      <a name="output" val="true"/>
      <a name="labelloc" val="east"/>
    </comp>
    <comp lib="0" loc="(230,1260)" name="Pin">
      <a name="tristate" val="false"/>
    </comp>
    <comp lib="3" loc="(410,180)" name="Adder">
      <a name="width" val="1"/>
    </comp>
    <comp lib="0" loc="(560,1450)" name="Pin">
      <a name="facing" val="west"/>
      <a name="output" val="true"/>
      <a name="labelloc" val="east"/>
    </comp>
    <comp lib="0" loc="(220,1680)" name="Pin">
      <a name="tristate" val="false"/>
    </comp>
    <comp lib="0" loc="(200,380)" name="Pin">
      <a name="tristate" val="false"/>
    </comp>
    <comp lib="0" loc="(220,100)" name="Pin">
      <a name="tristate" val="false"/>
      <a name="label" val="A0"/>
    </comp>
    <comp lib="3" loc="(410,860)" name="Adder">
      <a name="width" val="1"/>
    </comp>
    <comp lib="0" loc="(520,250)" name="Pin">
      <a name="facing" val="west"/>
      <a name="output" val="true"/>
      <a name="labelloc" val="east"/>
    </comp>
    <comp lib="0" loc="(480,670)" name="Pin">
      <a name="facing" val="west"/>
      <a name="output" val="true"/>
      <a name="labelloc" val="east"/>
    </comp>
    <comp lib="0" loc="(230,1220)" name="Pin">
      <a name="tristate" val="false"/>
    </comp>
    <comp lib="0" loc="(220,1620)" name="Pin">
      <a name="tristate" val="false"/>
    </comp>
    <comp lib="0" loc="(560,1630)" name="Pin">
      <a name="facing" val="west"/>
      <a name="output" val="true"/>
      <a name="labelloc" val="east"/>
    </comp>
    <comp lib="0" loc="(520,920)" name="Pin">
      <a name="facing" val="west"/>
      <a name="output" val="true"/>
      <a name="labelloc" val="east"/>
    </comp>
    <comp lib="3" loc="(410,1570)" name="Adder">
      <a name="width" val="1"/>
    </comp>
    <comp lib="0" loc="(260,320)" name="Pin">
      <a name="tristate" val="false"/>
    </comp>
    <comp lib="0" loc="(190,520)" name="Pin">
      <a name="tristate" val="false"/>
    </comp>
    <comp lib="0" loc="(230,1340)" name="Pin">
      <a name="tristate" val="false"/>
    </comp>
    <comp lib="3" loc="(410,1140)" name="Adder">
      <a name="width" val="1"/>
    </comp>
    <comp lib="0" loc="(540,1210)" name="Pin">
      <a name="facing" val="west"/>
      <a name="output" val="true"/>
      <a name="labelloc" val="east"/>
    </comp>
    <comp lib="3" loc="(410,1810)" name="Adder">
      <a name="width" val="1"/>
    </comp>
  </circuit>
  <circuit name="ADD_SUB">
    <a name="circuit" val="ADD_SUB"/>
    <a name="clabel" val=""/>
    <a name="clabelup" val="east"/>
    <a name="clabelfont" val="SansSerif plain 12"/>
    <wire from="(470,2230)" to="(1230,2230)"/>
    <wire from="(540,350)" to="(2900,350)"/>
    <wire from="(540,130)" to="(3540,130)"/>
    <wire from="(2160,1080)" to="(2160,1880)"/>
    <wire from="(2580,1160)" to="(2580,2090)"/>
    <wire from="(2340,2060)" to="(2340,2350)"/>
    <wire from="(2490,2110)" to="(2490,2540)"/>
    <wire from="(3220,2180)" to="(3420,2180)"/>
    <wire from="(1920,1020)" to="(1920,1680)"/>
    <wire from="(470,2360)" to="(2450,2360)"/>
    <wire from="(1670,1560)" to="(1670,2540)"/>
    <wire from="(1730,1630)" to="(1730,2280)"/>
    <wire from="(2940,340)" to="(2940,1170)"/>
    <wire from="(1750,980)" to="(1750,1570)"/>
    <wire from="(1770,1630)" to="(1770,2540)"/>
    <wire from="(850,940)" to="(850,2180)"/>
    <wire from="(1090,840)" to="(3710,840)"/>
    <wire from="(3250,2160)" to="(3250,2260)"/>
    <wire from="(1990,1040)" to="(1990,1750)"/>
    <wire from="(560,790)" to="(560,2150)"/>
    <wire from="(2800,1200)" to="(3710,1200)"/>
    <wire from="(3740,850)" to="(3900,850)"/>
    <wire from="(3740,1090)" to="(3900,1090)"/>
    <wire from="(3540,130)" to="(3540,750)"/>
    <wire from="(3740,1010)" to="(3900,1010)"/>
    <wire from="(3740,930)" to="(3900,930)"/>
    <wire from="(540,140)" to="(3530,140)"/>
    <wire from="(3230,2140)" to="(3250,2140)"/>
    <wire from="(1630,1560)" to="(1630,2270)"/>
    <wire from="(3740,1110)" to="(3830,1110)"/>
    <wire from="(470,2210)" to="(1070,2210)"/>
    <wire from="(790,900)" to="(790,2540)"/>
    <wire from="(690,830)" to="(690,2540)"/>
    <wire from="(3350,890)" to="(3710,890)"/>
    <wire from="(540,170)" to="(3450,170)"/>
    <wire from="(1900,1740)" to="(1900,2300)"/>
    <wire from="(1150,1200)" to="(1150,2220)"/>
    <wire from="(1370,1350)" to="(1370,2540)"/>
    <wire from="(960,1010)" to="(960,2540)"/>
    <wire from="(2840,1230)" to="(3710,1230)"/>
    <wire from="(1470,1420)" to="(1470,2540)"/>
    <wire from="(3550,2190)" to="(3600,2190)"/>
    <wire from="(3050,2390)" to="(3050,2540)"/>
    <wire from="(1940,1740)" to="(1940,2540)"/>
    <wire from="(3830,1110)" to="(3900,1110)"/>
    <wire from="(2880,1220)" to="(2880,2220)"/>
    <wire from="(540,270)" to="(3150,270)"/>
    <wire from="(3190,1010)" to="(3710,1010)"/>
    <wire from="(1170,860)" to="(1170,1140)"/>
    <wire from="(1370,2540)" to="(1470,2540)"/>
    <wire from="(3230,2140)" to="(3230,2300)"/>
    <wire from="(3740,1120)" to="(4020,1120)"/>
    <wire from="(540,310)" to="(3010,310)"/>
    <wire from="(2360,1120)" to="(2360,2000)"/>
    <wire from="(470,2380)" to="(2680,2380)"/>
    <wire from="(3560,120)" to="(3560,730)"/>
    <wire from="(2960,330)" to="(2960,1150)"/>
    <wire from="(3740,1060)" to="(3900,1060)"/>
    <wire from="(3740,980)" to="(3900,980)"/>
    <wire from="(3740,900)" to="(3900,900)"/>
    <wire from="(3560,730)" to="(3710,730)"/>
    <wire from="(2450,2110)" to="(2450,2360)"/>
    <wire from="(1920,1020)" to="(3710,1020)"/>
    <wire from="(540,290)" to="(3080,290)"/>
    <wire from="(2360,1120)" to="(3710,1120)"/>
    <wire from="(3250,1390)" to="(3250,2140)"/>
    <wire from="(470,2170)" to="(750,2170)"/>
    <wire from="(1030,2540)" to="(1110,2540)"/>
    <wire from="(3410,850)" to="(3710,850)"/>
    <wire from="(2680,2180)" to="(2680,2380)"/>
    <wire from="(1110,2540)" to="(1190,2540)"/>
    <wire from="(3080,290)" to="(3080,1070)"/>
    <wire from="(1190,2540)" to="(1270,2540)"/>
    <wire from="(3250,2160)" to="(3420,2160)"/>
    <wire from="(990,1070)" to="(990,2200)"/>
    <wire from="(2700,1180)" to="(3710,1180)"/>
    <wire from="(3550,2160)" to="(3550,2190)"/>
    <wire from="(3920,620)" to="(3920,830)"/>
    <wire from="(540,110)" to="(3580,110)"/>
    <wire from="(1190,1200)" to="(1190,2540)"/>
    <wire from="(1560,940)" to="(1560,1430)"/>
    <wire from="(540,150)" to="(3490,150)"/>
    <wire from="(3220,2180)" to="(3220,2250)"/>
    <wire from="(2180,1940)" to="(2180,2540)"/>
    <wire from="(2880,360)" to="(2880,1210)"/>
    <wire from="(2900,1190)" to="(3710,1190)"/>
    <wire from="(3720,640)" to="(3780,640)"/>
    <wire from="(540,180)" to="(3410,180)"/>
    <wire from="(3530,140)" to="(3530,770)"/>
    <wire from="(3340,2260)" to="(3420,2260)"/>
    <wire from="(2980,320)" to="(2980,1130)"/>
    <wire from="(2820,2240)" to="(2820,2540)"/>
    <wire from="(3050,2540)" to="(3780,2540)"/>
    <wire from="(580,720)" to="(3710,720)"/>
    <wire from="(890,940)" to="(890,2540)"/>
    <wire from="(2100,2540)" to="(2180,2540)"/>
    <wire from="(1070,1120)" to="(1070,2210)"/>
    <wire from="(2160,1080)" to="(3710,1080)"/>
    <wire from="(3740,1030)" to="(3900,1030)"/>
    <wire from="(3740,870)" to="(3900,870)"/>
    <wire from="(3740,950)" to="(3900,950)"/>
    <wire from="(3130,2250)" to="(3130,2420)"/>
    <wire from="(2820,2540)" to="(2900,2540)"/>
    <wire from="(3390,190)" to="(3390,870)"/>
    <wire from="(2900,2540)" to="(2980,2540)"/>
    <wire from="(3190,260)" to="(3190,1010)"/>
    <wire from="(470,2370)" to="(2560,2370)"/>
    <wire from="(600,790)" to="(600,2540)"/>
    <wire from="(3450,170)" to="(3450,830)"/>
    <wire from="(470,2400)" to="(2860,2400)"/>
    <wire from="(2900,350)" to="(2900,1190)"/>
    <wire from="(3470,810)" to="(3710,810)"/>
    <wire from="(870,780)" to="(3710,780)"/>
    <wire from="(2140,1940)" to="(2140,2330)"/>
    <wire from="(1860,2540)" to="(1940,2540)"/>
    <wire from="(3580,110)" to="(3580,710)"/>
    <wire from="(3650,2210)" to="(3820,2210)"/>
    <wire from="(1030,1070)" to="(1030,2540)"/>
    <wire from="(3010,2390)" to="(3010,2420)"/>
    <wire from="(470,2330)" to="(2140,2330)"/>
    <wire from="(3310,220)" to="(3310,930)"/>
    <wire from="(890,2540)" to="(960,2540)"/>
    <wire from="(2840,370)" to="(2840,1230)"/>
    <wire from="(2960,1150)" to="(3710,1150)"/>
    <wire from="(3210,1250)" to="(3210,2160)"/>
    <wire from="(540,280)" to="(3110,280)"/>
    <wire from="(3030,1260)" to="(3030,2330)"/>
    <wire from="(3350,200)" to="(3350,890)"/>
    <wire from="(1580,1490)" to="(1580,2540)"/>
    <wire from="(3310,930)" to="(3710,930)"/>
    <wire from="(1560,940)" to="(3710,940)"/>
    <wire from="(3050,1090)" to="(3710,1090)"/>
    <wire from="(3470,2280)" to="(3550,2280)"/>
    <wire from="(540,330)" to="(2960,330)"/>
    <wire from="(1670,2540)" to="(1770,2540)"/>
    <wire from="(1170,860)" to="(3710,860)"/>
    <wire from="(1270,2540)" to="(1370,2540)"/>
    <wire from="(3580,710)" to="(3710,710)"/>
    <wire from="(470,2250)" to="(1430,2250)"/>
    <wire from="(770,760)" to="(3710,760)"/>
    <wire from="(790,2540)" to="(890,2540)"/>
    <wire from="(1230,1270)" to="(1230,2230)"/>
    <wire from="(3210,250)" to="(3210,990)"/>
    <wire from="(670,740)" to="(670,770)"/>
    <wire from="(3780,640)" to="(3780,2540)"/>
    <wire from="(540,360)" to="(2880,360)"/>
    <wire from="(3130,2250)" to="(3220,2250)"/>
    <wire from="(3150,270)" to="(3150,1030)"/>
    <wire from="(3740,1080)" to="(3900,1080)"/>
    <wire from="(3740,840)" to="(3900,840)"/>
    <wire from="(3740,920)" to="(3900,920)"/>
    <wire from="(3740,1000)" to="(3900,1000)"/>
    <wire from="(1540,1490)" to="(1540,2260)"/>
    <wire from="(3920,620)" to="(4080,620)"/>
    <wire from="(470,2280)" to="(1730,2280)"/>
    <wire from="(1110,1120)" to="(1110,2540)"/>
    <wire from="(3150,1030)" to="(3710,1030)"/>
    <wire from="(3280,950)" to="(3710,950)"/>
    <wire from="(1270,1270)" to="(1270,2540)"/>
    <wire from="(2980,2340)" to="(2980,2540)"/>
    <wire from="(3010,2420)" to="(3130,2420)"/>
    <wire from="(470,2340)" to="(2230,2340)"/>
    <wire from="(540,380)" to="(2810,380)"/>
    <wire from="(670,740)" to="(3710,740)"/>
    <wire from="(3410,180)" to="(3410,850)"/>
    <wire from="(470,2150)" to="(560,2150)"/>
    <wire from="(3220,2250)" to="(3220,2280)"/>
    <wire from="(3230,2300)" to="(3420,2300)"/>
    <wire from="(1010,820)" to="(1010,1010)"/>
    <wire from="(470,2290)" to="(1820,2290)"/>
    <wire from="(3530,770)" to="(3710,770)"/>
    <wire from="(3470,160)" to="(3470,810)"/>
    <wire from="(1580,2540)" to="(1670,2540)"/>
    <wire from="(3340,2280)" to="(3420,2280)"/>
    <wire from="(1750,980)" to="(3710,980)"/>
    <wire from="(3720,640)" to="(3720,700)"/>
    <wire from="(3550,2230)" to="(3550,2280)"/>
    <wire from="(470,2160)" to="(650,2160)"/>
    <wire from="(1470,2540)" to="(1580,2540)"/>
    <wire from="(540,230)" to="(3280,230)"/>
    <wire from="(3110,1050)" to="(3710,1050)"/>
    <wire from="(2980,1130)" to="(3710,1130)"/>
    <wire from="(470,2220)" to="(1150,2220)"/>
    <wire from="(3490,790)" to="(3710,790)"/>
    <wire from="(2060,1880)" to="(2060,2320)"/>
    <wire from="(940,800)" to="(940,950)"/>
    <wire from="(3740,970)" to="(3900,970)"/>
    <wire from="(1250,880)" to="(1250,1210)"/>
    <wire from="(3740,890)" to="(3900,890)"/>
    <wire from="(3740,1050)" to="(3900,1050)"/>
    <wire from="(540,250)" to="(3210,250)"/>
    <wire from="(3240,970)" to="(3710,970)"/>
    <wire from="(770,760)" to="(770,840)"/>
    <wire from="(2600,2540)" to="(2720,2540)"/>
    <wire from="(3830,1110)" to="(3830,1390)"/>
    <wire from="(1010,820)" to="(3710,820)"/>
    <wire from="(3080,1070)" to="(3710,1070)"/>
    <wire from="(870,780)" to="(870,880)"/>
    <wire from="(1650,960)" to="(3710,960)"/>
    <wire from="(2880,1220)" to="(3710,1220)"/>
    <wire from="(2250,1100)" to="(3710,1100)"/>
    <wire from="(470,2200)" to="(990,2200)"/>
    <wire from="(2270,2540)" to="(2380,2540)"/>
    <wire from="(2100,1880)" to="(2100,2540)"/>
    <wire from="(3490,150)" to="(3490,790)"/>
    <wire from="(3030,1260)" to="(3710,1260)"/>
    <wire from="(370,2430)" to="(450,2430)"/>
    <wire from="(3550,2230)" to="(3600,2230)"/>
    <wire from="(2010,2540)" to="(2100,2540)"/>
    <wire from="(1770,2540)" to="(1860,2540)"/>
    <wire from="(3210,990)" to="(3710,990)"/>
    <wire from="(540,120)" to="(3560,120)"/>
    <wire from="(3340,910)" to="(3710,910)"/>
    <wire from="(2780,2240)" to="(2780,2390)"/>
    <wire from="(2960,1240)" to="(2960,2280)"/>
    <wire from="(310,1110)" to="(370,1110)"/>
    <wire from="(3290,2140)" to="(3300,2140)"/>
    <wire from="(140,390)" to="(520,390)"/>
    <wire from="(540,160)" to="(3470,160)"/>
    <wire from="(540,370)" to="(2840,370)"/>
    <wire from="(3340,210)" to="(3340,910)"/>
    <wire from="(1350,900)" to="(1350,1290)"/>
    <wire from="(2980,2540)" to="(3050,2540)"/>
    <wire from="(540,190)" to="(3390,190)"/>
    <wire from="(690,2540)" to="(790,2540)"/>
    <wire from="(3220,2280)" to="(3310,2280)"/>
    <wire from="(2080,1060)" to="(2080,1820)"/>
    <wire from="(3740,1020)" to="(3900,1020)"/>
    <wire from="(3740,940)" to="(3900,940)"/>
    <wire from="(3740,1100)" to="(3900,1100)"/>
    <wire from="(3740,860)" to="(3900,860)"/>
    <wire from="(470,2260)" to="(1540,2260)"/>
    <wire from="(2810,1250)" to="(3210,1250)"/>
    <wire from="(470,2420)" to="(3010,2420)"/>
    <wire from="(1940,2540)" to="(2010,2540)"/>
    <wire from="(540,220)" to="(3310,220)"/>
    <wire from="(3010,1110)" to="(3710,1110)"/>
    <wire from="(2940,2340)" to="(2940,2410)"/>
    <wire from="(2470,1140)" to="(2470,2050)"/>
    <wire from="(600,2540)" to="(690,2540)"/>
    <wire from="(470,2240)" to="(1330,2240)"/>
    <wire from="(3110,280)" to="(3110,1050)"/>
    <wire from="(1450,920)" to="(1450,1360)"/>
    <wire from="(2600,2150)" to="(2600,2540)"/>
    <wire from="(1840,1000)" to="(3710,1000)"/>
    <wire from="(470,2270)" to="(1630,2270)"/>
    <wire from="(470,2190)" to="(920,2190)"/>
    <wire from="(2380,2540)" to="(2490,2540)"/>
    <wire from="(3050,300)" to="(3050,1090)"/>
    <wire from="(1450,920)" to="(3710,920)"/>
    <wire from="(470,2350)" to="(2340,2350)"/>
    <wire from="(540,240)" to="(3240,240)"/>
    <wire from="(1840,1000)" to="(1840,1610)"/>
    <wire from="(2580,1160)" to="(3710,1160)"/>
    <wire from="(580,720)" to="(580,730)"/>
    <wire from="(2700,1180)" to="(2700,2120)"/>
    <wire from="(1090,840)" to="(1090,1060)"/>
    <wire from="(2810,380)" to="(2810,1250)"/>
    <wire from="(3010,310)" to="(3010,1110)"/>
    <wire from="(3250,1390)" to="(3830,1390)"/>
    <wire from="(470,2410)" to="(2940,2410)"/>
    <wire from="(1990,1040)" to="(3710,1040)"/>
    <wire from="(3740,910)" to="(3900,910)"/>
    <wire from="(3740,990)" to="(3900,990)"/>
    <wire from="(3740,1070)" to="(3900,1070)"/>
    <wire from="(1350,900)" to="(3710,900)"/>
    <wire from="(3250,2140)" to="(3270,2140)"/>
    <wire from="(3280,230)" to="(3280,950)"/>
    <wire from="(540,340)" to="(2940,340)"/>
    <wire from="(2900,2280)" to="(2900,2540)"/>
    <wire from="(3210,2160)" to="(3250,2160)"/>
    <wire from="(470,2310)" to="(1970,2310)"/>
    <wire from="(370,1110)" to="(370,2430)"/>
    <wire from="(2250,1100)" to="(2250,1950)"/>
    <wire from="(1820,1670)" to="(1820,2290)"/>
    <wire from="(1250,880)" to="(3710,880)"/>
    <wire from="(2270,2010)" to="(2270,2540)"/>
    <wire from="(470,2390)" to="(2780,2390)"/>
    <wire from="(270,2540)" to="(600,2540)"/>
    <wire from="(2490,2540)" to="(2600,2540)"/>
    <wire from="(2720,2540)" to="(2820,2540)"/>
    <wire from="(3250,2260)" to="(3310,2260)"/>
    <wire from="(650,830)" to="(650,2160)"/>
    <wire from="(1860,1670)" to="(1860,2540)"/>
    <wire from="(3300,2140)" to="(3420,2140)"/>
    <wire from="(2560,2150)" to="(2560,2370)"/>
    <wire from="(750,900)" to="(750,2170)"/>
    <wire from="(3210,1250)" to="(3710,1250)"/>
    <wire from="(2080,1060)" to="(3710,1060)"/>
    <wire from="(2720,2180)" to="(2720,2540)"/>
    <wire from="(470,2320)" to="(2060,2320)"/>
    <wire from="(2180,2540)" to="(2270,2540)"/>
    <wire from="(3470,2160)" to="(3550,2160)"/>
    <wire from="(2380,2060)" to="(2380,2540)"/>
    <wire from="(1650,960)" to="(1650,1500)"/>
    <wire from="(2010,1810)" to="(2010,2540)"/>
    <wire from="(3450,830)" to="(3710,830)"/>
    <wire from="(470,2180)" to="(850,2180)"/>
    <wire from="(2470,1140)" to="(3710,1140)"/>
    <wire from="(540,200)" to="(3350,200)"/>
    <wire from="(920,1010)" to="(920,2190)"/>
    <wire from="(2940,1170)" to="(3710,1170)"/>
    <wire from="(2860,2280)" to="(2860,2400)"/>
    <wire from="(3740,960)" to="(3900,960)"/>
    <wire from="(3740,1040)" to="(3900,1040)"/>
    <wire from="(3740,880)" to="(3900,880)"/>
    <wire from="(540,210)" to="(3340,210)"/>
    <wire from="(3540,750)" to="(3710,750)"/>
    <wire from="(940,800)" to="(3710,800)"/>
    <wire from="(470,2300)" to="(1900,2300)"/>
    <wire from="(2230,2010)" to="(2230,2340)"/>
    <wire from="(1430,1420)" to="(1430,2250)"/>
    <wire from="(1970,1810)" to="(1970,2310)"/>
    <wire from="(3240,240)" to="(3240,970)"/>
    <wire from="(2880,1210)" to="(3710,1210)"/>
    <wire from="(1330,1350)" to="(1330,2240)"/>
    <wire from="(540,260)" to="(3190,260)"/>
    <wire from="(540,320)" to="(2980,320)"/>
    <wire from="(3390,870)" to="(3710,870)"/>
    <wire from="(960,2540)" to="(1030,2540)"/>
    <wire from="(540,300)" to="(3050,300)"/>
    <wire from="(2800,1200)" to="(2800,2180)"/>
    <wire from="(2960,1240)" to="(3710,1240)"/>
    <comp lib="1" loc="(1350,1290)" name="XOR Gate">
      <a name="facing" val="north"/>
      <a name="inputs" val="2"/>
    </comp>
    <comp lib="0" loc="(4020,1120)" name="Pin">
      <a name="facing" val="west"/>
      <a name="output" val="true"/>
      <a name="label" val="carry"/>
      <a name="labelloc" val="east"/>
    </comp>
    <comp lib="1" loc="(3030,2330)" name="XOR Gate">
      <a name="facing" val="north"/>
      <a name="inputs" val="2"/>
    </comp>
    <comp lib="1" loc="(870,880)" name="XOR Gate">
      <a name="facing" val="north"/>
      <a name="inputs" val="2"/>
    </comp>
    <comp lib="1" loc="(1170,1140)" name="XOR Gate">
      <a name="facing" val="north"/>
      <a name="inputs" val="2"/>
    </comp>
    <comp lib="1" loc="(1920,1680)" name="XOR Gate">
      <a name="facing" val="north"/>
      <a name="inputs" val="2"/>
    </comp>
    <comp lib="1" loc="(1650,1500)" name="XOR Gate">
      <a name="facing" val="north"/>
      <a name="inputs" val="2"/>
    </comp>
    <comp lib="1" loc="(670,770)" name="XOR Gate">
      <a name="facing" val="north"/>
      <a name="inputs" val="2"/>
    </comp>
    <comp lib="1" loc="(3650,2210)" name="OR Gate">
      <a name="inputs" val="2"/>
    </comp>
    <comp lib="1" loc="(1990,1750)" name="XOR Gate">
      <a name="facing" val="north"/>
      <a name="inputs" val="2"/>
    </comp>
    <comp lib="1" loc="(580,730)" name="XOR Gate">
      <a name="facing" val="north"/>
      <a name="inputs" val="2"/>
    </comp>
    <comp lib="0" loc="(520,390)" name="Splitter">
      <a name="fanout" val="28"/>
      <a name="incoming" val="28"/>
    </comp>
    <comp lib="1" loc="(1090,1060)" name="XOR Gate">
      <a name="facing" val="north"/>
      <a name="inputs" val="2"/>
    </comp>
    <comp lib="1" loc="(2960,2280)" name="XOR Gate">
      <a name="facing" val="north"/>
      <a name="inputs" val="2"/>
    </comp>
    <comp lib="1" loc="(3470,2160)" name="AND Gate">
      <a name="inputs" val="3"/>
    </comp>
    <comp lib="1" loc="(3470,2280)" name="AND Gate">
      <a name="inputs" val="3"/>
    </comp>
    <comp lib="1" loc="(2080,1820)" name="XOR Gate">
      <a name="facing" val="north"/>
      <a name="inputs" val="2"/>
    </comp>
    <comp lib="1" loc="(2700,2120)" name="XOR Gate">
      <a name="facing" val="north"/>
      <a name="inputs" val="2"/>
    </comp>
    <comp lib="1" loc="(3340,2280)" name="NOT Gate"/>
    <comp lib="1" loc="(2800,2180)" name="XOR Gate">
      <a name="facing" val="north"/>
      <a name="inputs" val="2"/>
    </comp>
    <comp lib="0" loc="(4080,620)" name="Pin">
      <a name="facing" val="west"/>
      <a name="output" val="true"/>
      <a name="width" val="28"/>
      <a name="labelloc" val="east"/>
    </comp>
    <comp lib="1" loc="(1840,1610)" name="XOR Gate">
      <a name="facing" val="north"/>
      <a name="inputs" val="2"/>
    </comp>
    <comp lib="1" loc="(2250,1950)" name="XOR Gate">
      <a name="facing" val="north"/>
      <a name="inputs" val="2"/>
    </comp>
    <comp lib="0" loc="(140,390)" name="Pin">
      <a name="width" val="28"/>
      <a name="tristate" val="false"/>
    </comp>
    <comp lib="0" loc="(3820,2210)" name="Pin">
      <a name="facing" val="west"/>
      <a name="output" val="true"/>
      <a name="label" val="overflow"/>
      <a name="labelloc" val="east"/>
    </comp>
    <comp lib="1" loc="(1010,1010)" name="XOR Gate">
      <a name="facing" val="north"/>
      <a name="inputs" val="2"/>
    </comp>
    <comp lib="1" loc="(2880,2220)" name="XOR Gate">
      <a name="facing" val="north"/>
      <a name="inputs" val="2"/>
    </comp>
    <comp lib="1" loc="(1750,1570)" name="XOR Gate">
      <a name="facing" val="north"/>
      <a name="inputs" val="2"/>
    </comp>
    <comp lib="1" loc="(1560,1430)" name="XOR Gate">
      <a name="facing" val="north"/>
      <a name="inputs" val="2"/>
    </comp>
    <comp lib="0" loc="(310,1110)" name="Pin">
      <a name="width" val="28"/>
      <a name="tristate" val="false"/>
    </comp>
    <comp lib="1" loc="(2360,2000)" name="XOR Gate">
      <a name="facing" val="north"/>
      <a name="inputs" val="2"/>
    </comp>
    <comp loc="(3740,840)" name="28 bit full adder"/>
    <comp lib="1" loc="(1250,1210)" name="XOR Gate">
      <a name="facing" val="north"/>
      <a name="inputs" val="2"/>
    </comp>
    <comp lib="1" loc="(3340,2260)" name="NOT Gate"/>
    <comp lib="1" loc="(3300,2140)" name="NOT Gate"/>
    <comp lib="1" loc="(1450,1360)" name="XOR Gate">
      <a name="facing" val="north"/>
      <a name="inputs" val="2"/>
    </comp>
    <comp lib="0" loc="(270,2540)" name="Pin">
      <a name="tristate" val="false"/>
      <a name="label" val="carry"/>
    </comp>
    <comp lib="1" loc="(2470,2050)" name="XOR Gate">
      <a name="facing" val="north"/>
      <a name="inputs" val="2"/>
    </comp>
    <comp lib="1" loc="(770,840)" name="XOR Gate">
      <a name="facing" val="north"/>
      <a name="inputs" val="2"/>
    </comp>
    <comp lib="1" loc="(2580,2090)" name="XOR Gate">
      <a name="facing" val="north"/>
      <a name="inputs" val="2"/>
    </comp>
    <comp lib="1" loc="(940,950)" name="XOR Gate">
      <a name="facing" val="north"/>
      <a name="inputs" val="2"/>
    </comp>
    <comp lib="0" loc="(450,2430)" name="Splitter">
      <a name="fanout" val="28"/>
      <a name="incoming" val="28"/>
    </comp>
    <comp lib="0" loc="(3920,830)" name="Splitter">
      <a name="facing" val="west"/>
      <a name="fanout" val="28"/>
      <a name="incoming" val="28"/>
    </comp>
    <comp lib="1" loc="(2160,1880)" name="XOR Gate">
      <a name="facing" val="north"/>
      <a name="inputs" val="2"/>
    </comp>
  </circuit>
</project>
